-- MySQL dump 10.13  Distrib 8.0.43, for Linux (x86_64)
--
-- Host: localhost    Database: sksk_ko
-- ------------------------------------------------------
-- Server version	8.0.43

/*!40101 SET @OLD_CHARACTER_SET_CLIENT=@@CHARACTER_SET_CLIENT */;
/*!40101 SET @OLD_CHARACTER_SET_RESULTS=@@CHARACTER_SET_RESULTS */;
/*!40101 SET @OLD_COLLATION_CONNECTION=@@COLLATION_CONNECTION */;
/*!50503 SET NAMES utf8mb4 */;
/*!40103 SET @OLD_TIME_ZONE=@@TIME_ZONE */;
/*!40103 SET TIME_ZONE='+00:00' */;
/*!40014 SET @OLD_UNIQUE_CHECKS=@@UNIQUE_CHECKS, UNIQUE_CHECKS=0 */;
/*!40014 SET @OLD_FOREIGN_KEY_CHECKS=@@FOREIGN_KEY_CHECKS, FOREIGN_KEY_CHECKS=0 */;
/*!40101 SET @OLD_SQL_MODE=@@SQL_MODE, SQL_MODE='NO_AUTO_VALUE_ON_ZERO' */;
/*!40111 SET @OLD_SQL_NOTES=@@SQL_NOTES, SQL_NOTES=0 */;

--
-- Table structure for table `e_group`
--

DROP TABLE IF EXISTS `e_group`;
/*!40101 SET @saved_cs_client     = @@character_set_client */;
/*!50503 SET character_set_client = utf8mb4 */;
CREATE TABLE `e_group` (
  `id` int NOT NULL AUTO_INCREMENT,
  `grade` int DEFAULT NULL,
  `e_group` varchar(100) DEFAULT NULL,
  `description` varchar(100) DEFAULT NULL,
  `position` int DEFAULT NULL,
  PRIMARY KEY (`id`),
  KEY `grade` (`grade`),
  CONSTRAINT `e_group_ibfk_1` FOREIGN KEY (`grade`) REFERENCES `grade` (`id`) ON DELETE CASCADE
) ENGINE=InnoDB AUTO_INCREMENT=16 DEFAULT CHARSET=utf8mb4 COLLATE=utf8mb4_0900_ai_ci;
/*!40101 SET character_set_client = @saved_cs_client */;

--
-- Dumping data for table `e_group`
--

LOCK TABLES `e_group` WRITE;
/*!40000 ALTER TABLE `e_group` DISABLE KEYS */;
INSERT INTO `e_group` VALUES (1,1,'1. 指示詞、存在詞、数詞','입니다, 있다, 하나',1),(2,1,'2. 用言・ㄹ語幹・否定','갑니다, 알다, 지 않다',2),(3,1,'3. ハダ用言・時間・疑問詞','하다, 부터, 무엇',3),(5,NULL,'新規グループ','新規グループ',1),(6,NULL,'新規グループ','新規グループ',1),(7,NULL,'新規グループ','新規グループ',1),(8,6,'新規グループ','新規グループ',1),(10,1,'4. ヘヨ体・ヘヨ体の否定','해요, 이에요, 안 해요',4),(11,NULL,'新規グループ','新規グループ',1),(12,NULL,'新規グループ','新規グループ',1),(13,1,'5. 過去形・未来・誘い','았습니다, 았엉요, ㄹ까요?',5),(14,1,'6. 願望・聞き手の判断・同じように','고 십다, 로, 라고, 같다',6);
/*!40000 ALTER TABLE `e_group` ENABLE KEYS */;
UNLOCK TABLES;

--
-- Table structure for table `element`
--

DROP TABLE IF EXISTS `element`;
/*!40101 SET @saved_cs_client     = @@character_set_client */;
/*!50503 SET character_set_client = utf8mb4 */;
CREATE TABLE `element` (
  `id` int NOT NULL AUTO_INCREMENT,
  `e_group` int DEFAULT NULL,
  `element` varchar(40) DEFAULT NULL,
  `description` varchar(100) DEFAULT NULL,
  `position` int DEFAULT NULL,
  PRIMARY KEY (`id`),
  KEY `e_group` (`e_group`),
  CONSTRAINT `element_ibfk_1` FOREIGN KEY (`e_group`) REFERENCES `e_group` (`id`) ON DELETE CASCADE
) ENGINE=InnoDB AUTO_INCREMENT=47 DEFAULT CHARSET=utf8mb4 COLLATE=utf8mb4_0900_ai_ci;
/*!40101 SET character_set_client = @saved_cs_client */;

--
-- Dumping data for table `element`
--

LOCK TABLES `element` WRITE;
/*!40000 ALTER TABLE `element` DISABLE KEYS */;
INSERT INTO `element` VALUES (1,1,'指示詞','입니다',1),(2,1,'指示詞の否定','아닙니다',2),(3,1,'存在詞','았다, 없다',3),(4,1,'固有数詞','하나, 둘, 셋',4),(5,1,'漢数詞','일, 이, 삼',5),(6,1,'疑問詞(いつ、どこ、いくら)','언제, 어디, 얼마',6),(7,2,'ハムニダ体用言','갑니다, 읽습니다',1),(8,3,'ハダ用言','하다',1),(9,NULL,'項目1','一つ目の項目',1),(10,5,'新規項目','新規項目',1),(11,2,'ㄹ語幹用言','알다, 멀다',2),(12,2,'를/을 をとる動詞','좋아하다, 만나다',3),(13,5,'新規項目','新規項目',2),(14,5,'新規項目','新規項目',3),(15,NULL,'項目1','一つ目の項目',1),(16,10,'ヘヨ体(1)','해요',1),(18,5,'新規項目','新規項目',4),(19,5,'新規項目','新規項目',5),(20,2,'助詞(1)','에서, 로, 에게',4),(21,2,'否定(1)','안',5),(22,2,'否定(2)','지 않다',6),(23,3,'ハダ用言の否定','안 합니다',2),(24,3,'時間の表現','몇 시입니까?',3),(25,3,'助詞','부터, 까지, 에서',4),(26,3,'疑問詞　何・なぜ・どのような','무엇, 왜, 몇, 무슨',5),(27,3,'疑問詞　誰、どんな、どの','누구, 어떤, 어느',6),(28,13,'ハムニダ体　過去','했습니다',1),(29,14,'〜していく/くる','고',1),(30,10,' ヘヨ体(2)','마셔요, 써요',2),(31,10,'ヘヨ体の指示語・否定','이에요, 예요, 아니에요',3),(32,10,'ヘヨ体の否定(1)','안 해요',4),(33,10,'ヘヨ体の否定(2)','지 않아요',5),(34,13,'ヘヨ体　過去','했어요',2),(35,13,'丁寧な表現・命令','(으)세요',3),(36,13,'助詞（比較）','보다',4),(37,13,'意志','겠',5),(38,13,'誘い・相手の意向','ㄹ까요?',6),(39,14,'願望','고 십다',2),(40,14,'〜にする、〜と言う','로, 라고',3),(41,14,'〜のようだ、同じように','같다',4),(42,14,'聞き手の判断','지요',5),(43,14,'助詞','도, 의',6),(44,10,'ヘヨ体　ハダ用言の否定','안 해요',6),(46,NULL,'指示詞','입니다',1);
/*!40000 ALTER TABLE `element` ENABLE KEYS */;
UNLOCK TABLES;

--
-- Table structure for table `grade`
--

DROP TABLE IF EXISTS `grade`;
/*!40101 SET @saved_cs_client     = @@character_set_client */;
/*!50503 SET character_set_client = utf8mb4 */;
CREATE TABLE `grade` (
  `id` int NOT NULL AUTO_INCREMENT,
  `grade` varchar(30) DEFAULT NULL,
  `description` varchar(100) DEFAULT NULL,
  `position` int DEFAULT NULL,
  PRIMARY KEY (`id`),
  UNIQUE KEY `grade` (`grade`)
) ENGINE=InnoDB AUTO_INCREMENT=9 DEFAULT CHARSET=utf8mb4 COLLATE=utf8mb4_0900_ai_ci;
/*!40101 SET character_set_client = @saved_cs_client */;

--
-- Dumping data for table `grade`
--

LOCK TABLES `grade` WRITE;
/*!40000 ALTER TABLE `grade` DISABLE KEYS */;
INSERT INTO `grade` VALUES (1,'ハン検5級','입니다, 고 싶다, ㄹ까요',1),(6,'ハン検4級','',2);
/*!40000 ALTER TABLE `grade` ENABLE KEYS */;
UNLOCK TABLES;

--
-- Table structure for table `hint`
--

DROP TABLE IF EXISTS `hint`;
/*!40101 SET @saved_cs_client     = @@character_set_client */;
/*!50503 SET character_set_client = utf8mb4 */;
CREATE TABLE `hint` (
  `id` int NOT NULL AUTO_INCREMENT,
  `question` int DEFAULT NULL,
  `word` int DEFAULT NULL,
  PRIMARY KEY (`id`),
  KEY `question` (`question`),
  KEY `word` (`word`),
  CONSTRAINT `hint_ibfk_1` FOREIGN KEY (`question`) REFERENCES `question` (`id`) ON DELETE CASCADE,
  CONSTRAINT `hint_ibfk_2` FOREIGN KEY (`word`) REFERENCES `word` (`id`) ON DELETE CASCADE
) ENGINE=InnoDB AUTO_INCREMENT=439 DEFAULT CHARSET=utf8mb4 COLLATE=utf8mb4_0900_ai_ci;
/*!40101 SET character_set_client = @saved_cs_client */;

--
-- Dumping data for table `hint`
--

LOCK TABLES `hint` WRITE;
/*!40000 ALTER TABLE `hint` DISABLE KEYS */;
INSERT INTO `hint` VALUES (3,2,3),(4,3,4),(5,3,5),(6,4,6),(7,5,7),(8,5,8),(9,6,9),(10,6,10),(11,7,11),(12,7,12),(13,8,13),(14,9,14),(15,10,15),(16,11,16),(17,12,17),(18,1,18),(19,1,2),(20,12,19),(21,13,20),(22,13,21),(23,14,22),(24,14,23),(25,15,4),(26,15,24),(27,21,9),(28,21,25),(29,21,26),(31,22,18),(32,22,27),(33,23,28),(36,16,31),(37,16,32),(38,17,33),(39,17,34),(40,18,35),(41,18,36),(42,19,37),(43,19,38),(44,19,39),(45,20,40),(46,20,3),(47,20,42),(48,23,43),(49,24,44),(50,24,37),(51,24,45),(52,25,15),(53,25,46),(54,26,27),(55,26,47),(56,27,19),(57,27,47),(58,28,12),(59,28,48),(60,29,49),(61,29,48),(62,30,6),(63,30,50),(64,32,51),(65,32,52),(66,33,53),(67,33,54),(68,34,55),(69,34,56),(70,35,57),(71,36,8),(72,36,58),(73,37,59),(74,37,60),(75,38,4),(76,38,61),(77,38,62),(78,39,63),(79,39,64),(80,40,65),(81,40,66),(82,40,67),(83,41,68),(84,41,69),(85,42,70),(86,42,66),(87,42,71),(88,43,72),(89,43,4),(90,43,73),(91,44,74),(92,44,75),(93,45,76),(94,45,52),(95,46,24),(96,46,77),(97,46,78),(98,52,9),(99,52,51),(100,52,52),(101,53,79),(102,53,80),(103,53,81),(104,54,21),(105,54,82),(106,54,83),(107,54,84),(108,55,85),(109,55,71),(110,56,86),(111,56,87),(112,57,88),(113,57,77),(114,57,89),(115,58,90),(116,58,91),(117,58,52),(118,59,92),(119,59,93),(120,60,94),(121,60,76),(122,60,52),(123,61,24),(124,61,91),(125,61,95),(126,62,96),(127,62,97),(128,63,19),(129,63,98),(130,64,9),(131,64,24),(132,64,99),(133,65,100),(134,65,101),(135,66,77),(136,66,102),(137,66,103),(138,67,9),(139,67,104),(140,68,18),(141,68,105),(142,69,106),(143,69,107),(144,70,20),(145,70,108),(146,70,109),(147,71,15),(148,71,80),(149,71,110),(150,72,111),(151,72,112),(152,72,113),(153,73,114),(154,73,112),(155,73,113),(156,73,115),(157,74,116),(158,75,9),(159,75,25),(160,75,117),(161,76,118),(162,76,113),(163,76,75),(164,77,24),(165,77,51),(166,77,64),(167,78,119),(168,78,120),(169,78,88),(170,78,121),(171,79,112),(172,79,122),(173,80,63),(174,80,24),(175,80,123),(176,81,124),(177,81,125),(178,81,89),(179,82,7),(180,82,126),(181,83,9),(182,83,126),(183,83,127),(184,84,128),(185,84,88),(186,84,91),(187,84,52),(188,85,18),(189,86,44),(190,86,129),(191,86,127),(192,87,130),(193,88,131),(194,88,61),(195,88,127),(196,89,132),(197,89,133),(198,89,71),(199,90,134),(200,90,135),(201,90,136),(202,91,72),(203,91,138),(204,91,52),(205,92,139),(206,92,65),(207,92,52),(208,93,21),(209,93,140),(210,93,87),(211,94,88),(212,94,141),(213,95,12),(214,95,142),(215,95,143),(216,96,22),(217,96,122),(218,97,144),(219,97,81),(220,98,77),(221,98,145),(222,98,89),(223,99,55),(224,99,146),(225,100,88),(226,100,147),(227,101,148),(228,101,149),(229,85,150),(230,102,151),(231,102,152),(232,102,153),(233,103,7),(234,103,106),(235,103,154),(236,104,155),(237,104,156),(238,105,157),(239,105,158),(240,106,159),(241,106,160),(242,107,6),(243,107,161),(244,108,18),(245,108,91),(246,108,162),(247,109,24),(248,109,51),(249,109,113),(250,109,163),(251,110,59),(252,110,164),(253,110,69),(254,111,49),(255,111,165),(256,111,64),(257,112,85),(258,112,166),(259,113,167),(260,113,168),(261,113,169),(262,113,127),(263,114,79),(264,114,81),(265,115,8),(266,115,170),(267,116,91),(268,116,52),(269,117,11),(270,117,171),(271,118,38),(272,118,101),(273,119,18),(274,119,22),(275,119,172),(276,120,4),(277,120,76),(278,120,71),(279,121,94),(280,121,173),(281,122,174),(282,122,175),(283,122,176),(284,123,63),(285,123,177),(286,123,178),(287,124,19),(288,124,179),(289,125,180),(290,125,153),(291,126,157),(292,126,144),(293,127,181),(294,127,27),(295,128,182),(296,128,183),(297,129,44),(298,129,94),(299,129,184),(300,130,185),(301,130,186),(302,130,163),(303,131,16),(304,131,179),(305,132,65),(306,132,187),(307,133,188),(308,133,52),(309,134,189),(310,134,190),(311,135,191),(312,135,192),(313,136,193),(314,136,194),(315,136,60),(316,157,51),(317,157,165),(318,157,95),(319,158,123),(320,158,118),(321,158,195),(322,158,196),(323,159,106),(324,159,18),(325,159,197),(326,159,198),(327,160,145),(328,160,65),(329,160,199),(330,161,79),(331,161,144),(332,161,71),(333,137,125),(334,137,52),(335,138,96),(336,138,97),(337,139,139),(338,139,200),(339,139,201),(340,140,126),(341,140,81),(342,141,202),(343,141,67),(344,142,203),(345,142,48),(346,142,52),(347,143,204),(348,143,81),(349,144,63),(350,144,177),(351,144,178),(352,145,8),(353,145,205),(354,146,206),(355,146,207),(356,146,54),(357,147,118),(358,147,75),(359,147,52),(360,148,168),(361,148,54),(362,148,91),(363,148,52),(364,149,208),(365,149,78),(366,150,55),(367,150,146),(368,150,209),(369,151,160),(370,151,210),(371,151,89),(372,152,211),(373,152,81),(374,152,212),(375,153,213),(376,153,214),(377,153,212),(378,154,88),(379,154,215),(380,154,52),(381,154,212),(382,155,133),(383,155,216),(384,155,212),(385,156,24),(386,156,52),(387,156,212),(388,162,217),(389,162,218),(390,162,127),(391,163,203),(392,163,219),(393,163,127),(394,164,185),(395,164,112),(396,164,127),(397,165,33),(398,165,220),(400,166,220),(401,167,222),(402,167,119),(403,167,223),(404,168,124),(405,168,18),(406,168,223),(407,169,224),(408,169,206),(409,169,76),(410,169,52),(411,170,77),(412,170,206),(413,170,208),(414,171,180),(415,171,206),(416,171,94),(417,171,65),(418,171,52),(419,172,9),(420,172,199),(421,173,225),(422,173,58),(423,174,6),(424,174,50),(425,175,18),(426,175,65),(427,175,226),(428,176,91),(429,176,73),(430,177,168),(431,177,227),(432,177,228),(433,178,93),(434,179,229),(435,180,230),(436,180,99),(437,181,77),(438,181,231);
/*!40000 ALTER TABLE `hint` ENABLE KEYS */;
UNLOCK TABLES;

--
-- Table structure for table `level`
--

DROP TABLE IF EXISTS `level`;
/*!40101 SET @saved_cs_client     = @@character_set_client */;
/*!50503 SET character_set_client = utf8mb4 */;
CREATE TABLE `level` (
  `id` int NOT NULL AUTO_INCREMENT,
  `level` int DEFAULT NULL,
  PRIMARY KEY (`id`)
) ENGINE=InnoDB AUTO_INCREMENT=2 DEFAULT CHARSET=utf8mb4 COLLATE=utf8mb4_0900_ai_ci;
/*!40101 SET character_set_client = @saved_cs_client */;

--
-- Dumping data for table `level`
--

LOCK TABLES `level` WRITE;
/*!40000 ALTER TABLE `level` DISABLE KEYS */;
INSERT INTO `level` VALUES (1,1);
/*!40000 ALTER TABLE `level` ENABLE KEYS */;
UNLOCK TABLES;

--
-- Table structure for table `privilege`
--

DROP TABLE IF EXISTS `privilege`;
/*!40101 SET @saved_cs_client     = @@character_set_client */;
/*!50503 SET character_set_client = utf8mb4 */;
CREATE TABLE `privilege` (
  `id` int NOT NULL AUTO_INCREMENT,
  `privilege` varchar(10) DEFAULT NULL,
  PRIMARY KEY (`id`)
) ENGINE=InnoDB AUTO_INCREMENT=5 DEFAULT CHARSET=utf8mb4 COLLATE=utf8mb4_0900_ai_ci;
/*!40101 SET character_set_client = @saved_cs_client */;

--
-- Dumping data for table `privilege`
--

LOCK TABLES `privilege` WRITE;
/*!40000 ALTER TABLE `privilege` DISABLE KEYS */;
INSERT INTO `privilege` VALUES (1,'編集'),(2,'確認'),(3,'承認'),(4,'管理');
/*!40000 ALTER TABLE `privilege` ENABLE KEYS */;
UNLOCK TABLES;

--
-- Table structure for table `process`
--

DROP TABLE IF EXISTS `process`;
/*!40101 SET @saved_cs_client     = @@character_set_client */;
/*!50503 SET character_set_client = utf8mb4 */;
CREATE TABLE `process` (
  `id` int NOT NULL AUTO_INCREMENT,
  `process` varchar(10) DEFAULT NULL,
  PRIMARY KEY (`id`)
) ENGINE=InnoDB AUTO_INCREMENT=10 DEFAULT CHARSET=utf8mb4 COLLATE=utf8mb4_0900_ai_ci;
/*!40101 SET character_set_client = @saved_cs_client */;

--
-- Dumping data for table `process`
--

LOCK TABLES `process` WRITE;
/*!40000 ALTER TABLE `process` DISABLE KEYS */;
INSERT INTO `process` VALUES (1,'作成'),(2,'編集'),(3,'削除'),(4,'確認依頼'),(5,'確認済み'),(6,'確認却下'),(7,'再提出'),(8,'公開'),(9,'非公開');
/*!40000 ALTER TABLE `process` ENABLE KEYS */;
UNLOCK TABLES;

--
-- Table structure for table `question`
--

DROP TABLE IF EXISTS `question`;
/*!40101 SET @saved_cs_client     = @@character_set_client */;
/*!50503 SET character_set_client = utf8mb4 */;
CREATE TABLE `question` (
  `id` int NOT NULL AUTO_INCREMENT,
  `element` int DEFAULT NULL,
  `level` int DEFAULT NULL,
  `japanese` varchar(100) DEFAULT NULL,
  `foreign_l` varchar(100) DEFAULT NULL,
  `style` int DEFAULT NULL,
  `spoken` tinyint(1) NOT NULL,
  `sida` tinyint(1) NOT NULL,
  `will` tinyint(1) NOT NULL,
  `position` int DEFAULT NULL,
  `created_at` datetime NOT NULL,
  `created_by` int DEFAULT NULL,
  `process` int DEFAULT NULL,
  PRIMARY KEY (`id`),
  KEY `element` (`element`),
  KEY `level` (`level`),
  KEY `style` (`style`),
  KEY `created_by` (`created_by`),
  KEY `process` (`process`),
  CONSTRAINT `question_ibfk_1` FOREIGN KEY (`element`) REFERENCES `element` (`id`) ON DELETE CASCADE,
  CONSTRAINT `question_ibfk_2` FOREIGN KEY (`level`) REFERENCES `level` (`id`) ON DELETE CASCADE,
  CONSTRAINT `question_ibfk_3` FOREIGN KEY (`style`) REFERENCES `style` (`id`) ON DELETE CASCADE,
  CONSTRAINT `question_ibfk_4` FOREIGN KEY (`created_by`) REFERENCES `user` (`id`),
  CONSTRAINT `question_ibfk_5` FOREIGN KEY (`process`) REFERENCES `process` (`id`)
) ENGINE=InnoDB AUTO_INCREMENT=183 DEFAULT CHARSET=utf8mb4 COLLATE=utf8mb4_0900_ai_ci;
/*!40101 SET character_set_client = @saved_cs_client */;

--
-- Dumping data for table `question`
--

LOCK TABLES `question` WRITE;
/*!40000 ALTER TABLE `question` DISABLE KEYS */;
INSERT INTO `question` VALUES (1,1,1,'父は医者です。','아버지는 의사입니다.',1,0,0,0,1,'2023-03-10 09:50:35',2,8),(2,1,1,'私は学生です。','저는 학생입니다.',1,0,0,0,2,'2023-03-10 09:50:35',2,8),(3,1,1,'母は公務員です。','어머니는 공무원입니다.',1,0,0,0,3,'2023-03-10 09:50:35',2,8),(4,1,1,'私のカバンですか？','제 가방입니까?',1,0,0,0,4,'2023-03-10 09:50:35',2,8),(5,1,1,'これはキムチですか？','이것은 김치입니까?',1,0,0,0,5,'2023-03-10 09:50:35',2,8),(6,2,1,'今日は休日ではありません。','오늘은 휴일이 아닙니다.',1,0,0,0,1,'2023-03-10 09:51:37',2,8),(7,2,1,'ここは銀行ではありません。','여기는 은행이 아닙니다.',1,0,0,0,2,'2023-03-10 09:51:37',2,8),(8,2,1,'風邪ではありませんか？','감기가 아닙니까?',1,0,0,0,3,'2023-03-10 09:51:37',2,8),(9,2,1,'私のノートではありません。','제 노트가 아닙니다.',1,0,0,0,4,'2023-03-10 09:51:37',2,8),(10,2,1,'弟ではありません。','남동생이 아닙니다.',1,0,0,0,5,'2023-03-10 09:51:37',2,8),(11,3,1,'宿題があります。','숙제가 있습니다.',1,0,0,0,1,'2023-03-10 09:51:37',2,8),(12,3,1,'火曜日に試験があります。','화요일에 시험이 있습니다.',1,0,0,0,2,'2023-03-10 09:51:37',2,8),(13,3,1,'姉と妹がいます。','언니하고 여동생이 있습니다.',1,1,0,0,3,'2023-03-10 09:51:37',2,8),(14,3,1,'日曜日は授業がありませんか？','일요일은 수업이 없습니까?',1,0,0,0,4,'2023-03-10 09:51:37',2,8),(15,3,1,'母は家にいません。','어머니는 집에 없습니다.',1,0,0,0,5,'2023-03-10 09:51:37',2,8),(16,4,1,'私は26歳です。','저는 스물여섯 살입니다.',1,0,0,0,1,'2023-03-10 09:51:37',2,8),(17,4,1,'猫が2匹います。','고양이가 두 마리 있습니다.',1,0,0,0,2,'2023-03-10 09:51:37',2,8),(18,4,1,'りんごが3個あります。','사과가 세 개 있습니다.',1,0,0,0,3,'2023-03-10 09:51:38',2,8),(19,4,1,'部屋に本が9冊あります。','방에 책이 아홉 권 있습니다.',1,0,0,0,4,'2023-03-10 09:51:38',2,8),(20,4,1,'教室に学生が8人います。','교실에 학생이 여덟 명 있습니다.',1,0,0,0,5,'2023-03-10 09:51:38',2,8),(21,5,1,'今日は12月26日です。','오늘은 십이월 이십육 일입니다.',1,0,0,0,1,'2023-03-10 09:51:38',2,8),(22,5,1,'父の誕生日は6月3日です。','아버지 생일은 유월 삼일입니다.',1,0,0,0,2,'2023-03-10 09:51:38',2,8),(23,5,1,'このコンピューターは120万ウォンです。','이 컴퓨터는 백이십만원입니다.',1,0,0,0,3,'2023-03-10 09:51:38',2,8),(24,5,1,'姉の部屋は738号室です。','누나 방은 칠백삼십팔 호실입니다.',1,0,0,0,4,'2023-03-10 09:51:38',2,8),(25,5,1,'弟は5年生です。','남동생은 오학년입니다.',1,0,0,0,5,'2023-03-10 09:51:38',2,8),(26,6,1,'誕生日はいつですか？','생일은 언제입니까?',1,0,0,0,1,'2023-03-10 09:51:38',2,8),(27,6,1,'試験はいつありますか？','시험은 언제 있습니까?',1,0,0,0,2,'2023-03-10 09:51:38',2,8),(28,6,1,'銀行はどこですか？','은행은 어디입니까?',1,0,0,0,3,'2023-03-10 09:51:38',2,8),(29,6,1,'病院はどこにありますか？','병원은 어디에 있습니까?',1,0,0,0,4,'2023-03-10 09:51:38',2,8),(30,6,1,'このカバンはいくらですか？','이 가방은 얼마입니까?',1,0,0,0,5,'2023-03-10 09:51:38',2,8),(31,1,1,'あ','아',1,0,0,0,6,'2023-03-12 10:37:54',2,3),(32,7,1,'学校へ行きます。','학교에 갑니다.',1,0,0,0,1,'2023-03-12 14:58:16',2,8),(33,7,1,'ごはんを食べますか？','밥을 먹습니까?',1,0,0,0,2,'2023-03-12 14:58:16',2,8),(34,7,1,'手紙を読みます。','편지를 읽습니다.',1,0,0,0,3,'2023-03-12 14:58:16',2,8),(35,7,1,'忙しいですか？','바쁩니까?',1,0,0,0,4,'2023-03-12 14:58:16',2,8),(36,7,1,'このキムチはおいしいです。','이 김치는 맛있습니다.',1,0,0,0,5,'2023-03-12 14:58:16',2,8),(37,11,1,'兄を知っていますか？','오빠를 압니까?',1,0,0,0,1,'2023-03-12 18:33:41',2,8),(38,11,1,'母に電話をかけます。','어머니에게 전화를 겁니다.',1,0,0,0,2,'2023-03-12 18:33:41',2,8),(39,11,1,'駅は遠いですか？','역은 멉니까?',1,0,0,0,3,'2023-03-12 18:33:41',2,8),(40,11,1,'韓国料理を作ります。','한국 요리를 만듭니다.',1,0,0,0,4,'2023-03-12 18:33:41',2,8),(41,11,1,'ソウルに住んでいます。','서울에 삽니다.',1,0,0,0,5,'2023-03-12 18:33:41',2,8),(42,12,1,'私は中国料理が好きです。','저는 중국 요리를 좋아합니다.',1,0,0,0,1,'2023-03-13 12:26:58',2,8),(43,12,1,'空港で母に会います。','공항에서 어머니를 만납니다.',1,0,0,0,2,'2023-03-13 12:26:58',2,8),(44,12,1,'地下鉄に乗ります。','지하철을 탑니다.',1,0,0,0,3,'2023-03-13 12:26:58',2,8),(45,12,1,'旅行に行きます。','여행을 갑니다.',1,0,0,0,4,'2023-03-13 19:14:59',2,8),(46,12,1,'家で友達と遊びます。','집에서 친구와 놉니다.',1,0,0,0,5,'2023-03-13 19:14:59',2,8),(47,20,1,'バスで会社に行きます。','버스로 회사에 갑니다.',1,0,0,0,1,'2023-03-13 19:36:33',2,8),(48,20,1,'韓国語で本を読みます。','한국어로 책을 읽습니다.',1,0,0,0,2,'2023-03-13 19:36:33',2,8),(49,20,1,'家でビビンバを作ります。','집에서 비빔밥을 만듭니다.',1,0,0,0,3,'2023-03-13 19:36:33',2,8),(50,20,1,'公園で遊びます。','공원에서 놉니다.',1,0,0,0,4,'2023-03-13 19:36:33',2,8),(51,20,1,'犬に水をあげます。','개에게 물을 줍니다.',1,0,0,0,5,'2023-03-13 19:36:33',2,8),(52,21,1,'今日は学校に行きません。','오늘은 학교에 안 갑니다.',1,0,0,0,1,'2023-07-07 04:52:27',2,8),(53,21,1,'酒をあまり飲みません。','술울 별로 안 마십니다.',1,0,0,0,2,'2023-07-07 04:52:27',2,8),(54,21,1,'妹はスカートを全くはきません。','여동생은 치마를 전혀 안 입니다.',1,0,0,0,3,'2023-07-07 04:52:28',2,8),(55,21,1,'サッカーは好きではありません。','축구를 안 좋아합니다.',1,0,0,0,4,'2023-07-07 04:52:28',2,8),(56,21,1,'私の髪は長くありません。','제 머리는 안 깁니다.',1,0,0,0,5,'2023-07-07 04:52:28',2,8),(57,22,1,'明日は友達が来ません。','내일은 친구가 오지 않습니다.',1,0,0,0,1,'2023-07-07 04:54:46',2,8),(58,22,1,'木曜日に会社へ行かないのですか？','목요일에 회사에 가지 않습니까?',1,0,0,0,2,'2023-07-07 04:54:46',2,8),(59,22,1,'メガネを買いません。','안경을 사지 않습니다.',1,0,0,0,3,'2023-07-07 04:54:46',2,8),(60,22,1,'今年は旅行に行きません。','올해는 여행을 가지 않습니다.',1,0,0,0,4,'2023-07-07 04:54:46',2,8),(61,22,1,'家から会社まで近くありません。','집에서 회사까지 가깝지 않습니다.',1,0,0,0,5,'2023-07-07 04:54:46',2,8),(62,8,1,'後で連絡します。','나중에 연락합니다.',1,0,0,0,1,'2023-07-07 05:00:35',2,8),(63,8,1,'この試験は重要です。','이 시험은 중요합니다.',1,0,0,0,2,'2023-07-07 05:00:35',2,8),(64,8,1,'今日は家を掃除します。','오늘은 집을 청소합니다.',1,0,0,0,3,'2023-07-07 05:00:35',2,8),(65,8,1,'その店は有名です。','그 가게는 유명합니다.',1,0,0,0,4,'2023-07-07 05:00:35',2,8),(66,8,1,'友達は経済学を専攻しています。','친구는 경제학을 전공합니다.',1,0,0,0,5,'2023-07-07 05:00:35',2,8),(67,23,1,'今日は練習しません。','오늘은 연습 안 합니다.',1,0,0,0,1,'2023-07-07 05:02:38',2,8),(68,23,1,'父は健康ではありません。','아버지는 안 건강합니다.',1,0,0,0,2,'2023-07-07 05:02:38',2,8),(69,23,1,'先生は親切ではありません。','선생님은 안 친절합니다.',1,0,0,0,3,'2023-07-07 05:02:38',2,8),(70,23,1,'姉は全然運動しません。','언니는 전혀 운동 안 합니다.',1,0,0,0,4,'2023-07-07 05:02:38',2,8),(71,23,1,'弟はあまり努力をしません。','남동생은 별러 노력 안 합니다.',1,0,0,0,5,'2023-07-07 05:02:38',2,8),(72,24,1,'今3時15分です。','지금 세시 십오분입니다.',1,0,0,0,1,'2023-07-07 05:06:45',2,8),(73,24,1,'もう8時10分前です。','벌써 여덟 시 십분 전입니다.',1,0,0,0,2,'2023-07-07 05:06:45',2,8),(74,24,1,'何時ですか？','몇 시입니까?',1,0,0,0,3,'2023-07-07 05:06:45',2,8),(75,24,1,'今日は何月何日ですか？','오늘은 몇 월 며칠입니까?',1,0,0,0,4,'2023-07-07 05:06:45',2,8),(76,24,1,'バスに40分乗ります。','버스를 사십분 탑니다.',1,0,0,0,5,'2023-07-07 05:06:45',2,8),(77,25,1,'家から学校まで遠いです。','집에서 학교까지 멉니다.',1,0,0,0,1,'2023-07-07 05:08:28',2,8),(78,25,1,'冬休みは明日から始まります。','겨울 방학은 내일부터 시작됩니다.',1,0,0,0,2,'2023-07-07 05:08:28',2,8),(79,25,1,'10時から6時まで働きます。','열 시부터 여섯 시까지 일합니다.',1,0,0,0,3,'2023-07-07 05:08:28',2,8),(80,25,1,'駅から家までタクシーで行きます。','역에서 집까지 택시로 갑니다.',1,0,0,0,4,'2023-07-07 05:08:28',2,8),(81,25,1,'兄(弟から)がアメリカから来ます。','형이 미국에서 옵니다.',1,0,0,0,5,'2023-07-07 05:08:28',2,8),(82,26,1,'これは何ですか。','이것은 무엇입니까?',1,0,0,0,1,'2023-07-07 05:10:10',2,8),(83,26,1,'今日は何をしますか。','오늘은 무엇을 합니까?',1,0,0,0,2,'2023-07-07 05:10:10',2,8),(84,26,1,'なぜ明日会社へ行かないのですか。','왜 내일 회사에 안 갑니까?',1,0,0,0,3,'2023-07-07 05:10:10',2,8),(85,26,1,'お父さんは何歳ですか。','아버지는 몇 살입니까?',1,0,0,0,4,'2023-07-07 05:10:11',2,8),(86,26,1,'お姉さん（弟から）はどんな仕事をしていますか？','누나는 무슨 일을 합니까?',1,0,0,0,5,'2023-07-07 05:10:11',2,8),(87,27,1,'誰ですか？','누구입니까?',1,0,0,0,1,'2023-07-07 05:11:31',2,8),(88,27,1,'誰が電話をしますか。','누가 전화를 합니까?',1,0,0,0,2,'2023-07-07 05:11:31',2,8),(89,27,1,'どんな歌が好きですか。','어떤 노래를 좋아합니까?',1,0,0,0,3,'2023-07-07 05:11:31',2,8),(90,27,1,'どの映画を見ますか。','어느 영화를 봅니까?',1,0,0,0,4,'2023-07-07 05:11:31',2,8),(91,27,1,'空港までどのように行きますか。','공항까지 어떻게 갑니까?',1,0,0,0,5,'2023-07-07 05:11:31',2,8),(92,16,1,'来年韓国へ行きます。','내년에 한국에 가요.',2,0,0,0,1,'2023-07-09 01:28:54',2,8),(93,16,1,'妹の髪は長いです。','여동생 머리는 길어요.',2,0,0,0,2,'2023-07-09 01:28:54',2,8),(94,16,1,'明日用事がありますか？','내일 일이 있어요?',2,0,0,0,3,'2023-07-09 01:28:54',2,8),(95,16,1,'銀行でお金をおろします。','은행에서 돈을 찾아요.',2,0,0,0,4,'2023-07-09 01:28:54',2,8),(96,16,1,'日曜日も働きます。','일요일도 일해요.',2,0,0,0,5,'2023-07-09 01:28:54',2,8),(97,30,1,'コーヒーを飲みます。','커피를 마셔요.',2,0,0,0,1,'2023-07-09 01:30:45',2,8),(98,30,1,'友達が日本から来ます。','친구가 일본에서 와요.',2,0,0,0,2,'2023-07-09 01:30:45',2,8),(99,30,1,'手紙を書きます。','편지를 써요.',2,0,0,0,3,'2023-07-09 01:30:45',2,8),(100,30,1,'明日は休みます。','내일은 쉬어요.',2,0,0,0,4,'2023-07-09 01:30:45',2,8),(101,30,1,'タバコを吸いますか？','담배를 피워요?',2,0,0,0,5,'2023-07-09 01:30:45',2,8),(102,31,1,'私の妻は会社員です。','우리 아내는 회사원이에요.',2,0,0,0,1,'2023-07-09 01:33:32',2,8),(103,31,1,'これは先生の靴です。','이것은 선생님 구두예요.',2,0,0,0,2,'2023-07-09 01:33:32',2,8),(104,31,1,'息子は大学生ではありません。','아들은 대학생이 아니에요.',2,0,0,0,3,'2023-07-09 01:33:32',2,8),(105,31,1,'それはジュースではありません。','그것은 주스가 아니에요.',2,0,0,0,4,'2023-07-09 01:33:32',2,8),(106,31,1,'韓国語の辞書です。','한국어 사전이에요.',2,0,0,0,5,'2023-07-09 01:33:32',2,8),(107,32,1,'このカバンは高くありません。','이 가방은 안 비싸요.',2,0,0,0,1,'2023-07-09 01:36:36',2,8),(108,32,1,'父は会社に通っていません。','아버지는 회사에 안 다녀요.',2,0,0,0,2,'2023-07-09 01:36:36',2,8),(109,32,1,'家から学校まで30分かかりません。','집에서 학교까지 삼십분 안 걸려요.',2,0,0,0,3,'2023-07-09 01:36:36',2,8),(110,32,1,'兄（妹から）は東京に住んでいません。','오빠는 도쿄에 안 살아요.',2,0,0,0,4,'2023-07-09 01:36:36',2,8),(111,32,1,'病院から郵便局まで遠くありません。','병원에서 우체국까지 안 멀어요.',2,0,0,0,5,'2023-07-09 01:36:36',2,8),(112,33,1,'サッカーが上手ではありません。','축구를 잘하지 않아요.',2,0,0,0,1,'2023-07-09 05:11:28',2,8),(113,33,1,'娘は朝に食事をしません。','딸은 아침에 식사를 하지 않아요.',2,0,0,0,2,'2023-07-09 05:11:28',2,8),(114,33,1,'酒を飲みません。','술을 마시지 않아요.',2,0,0,0,3,'2023-07-09 05:11:28',2,8),(115,33,1,'このキムチは辛くありません。','이 김치는 맵지 않아요.',2,0,0,0,4,'2023-07-09 05:11:28',2,8),(116,33,1,'会社へ行きません。','회사에 가지 않아요.',2,0,0,0,5,'2023-07-09 05:11:28',2,8),(117,44,1,'ここは清潔ではありません。','여기는 안 깨끗해요.',2,0,0,0,1,'2023-07-09 05:14:49',2,8),(118,44,1,'この本は有名ではありません。','이 책은 안 유명해요.',2,0,0,0,2,'2023-07-09 05:14:49',2,8),(119,44,1,'父は日曜日に外出しません。','아버지는 일요일에 외출 안 해요.',3,0,0,0,3,'2023-07-09 05:14:49',2,8),(120,44,1,'母は旅行が好きではありません。','어머니는 여행을 안 좋아해요.',2,0,0,0,4,'2023-07-09 05:14:49',2,8),(121,44,1,'私は今年卒業しません。','저는 올해 안 졸업해요.',2,0,0,0,5,'2023-07-09 05:14:49',2,8),(122,28,1,'この小説本当に良かったです。','이 소설 정말 좋았습니다.',1,0,0,0,1,'2023-07-09 05:22:23',2,8),(123,28,1,'駅の前で待ちました。','역 앞에서 기다렸습니다.',1,0,0,0,2,'2023-07-09 05:22:23',2,8),(124,28,1,'試験が難しくありませんでした。','시험이 어렵지 않았습니다.',1,0,0,0,3,'2023-07-09 05:22:23',2,8),(125,28,1,'去年私は会社員ではありませんでした。','작년에 저는 회사원이 아니었습니다.',1,0,0,0,4,'2023-07-09 05:22:23',2,8),(126,28,1,'それはコーヒーでした。','그것은 커피였습니다.',1,0,0,0,5,'2023-07-09 05:22:23',2,8),(127,34,1,'昨日は私の誕生日でした。','어제는 제 생일이었어요.',2,0,0,0,1,'2023-07-09 05:29:58',2,8),(128,34,1,'お腹が痛かったです。','배가 아팠어요.',2,0,0,0,2,'2023-07-09 05:29:58',2,8),(129,34,1,'姉（弟から）は今年結婚しました。','누나는 올해 결혼했어요.',2,0,0,0,3,'2023-07-09 05:29:58',2,8),(130,34,1,'時間がたくさんかかりました。','시간이 많이 걸렸어요.',2,0,0,0,4,'2023-07-09 05:29:58',2,8),(131,34,1,'宿題が難しくありませんでした。','숙제가 어렵지 않았어요.',2,0,0,0,5,'2023-07-09 05:29:58',2,8),(132,35,1,'韓国の方ですか？','한국 분이세요?',2,0,1,0,1,'2023-07-09 09:28:22',2,8),(133,35,1,'先に行ってください。','먼저 가세요.',2,0,1,0,2,'2023-07-09 09:28:22',2,8),(134,35,1,'あちらに座ってください。','저기 앉으세요.',2,0,1,0,3,'2023-07-09 09:28:22',2,8),(135,35,1,'塩ください。','소금 주세요.',2,0,1,0,4,'2023-07-09 09:28:22',2,8),(136,35,1,'この花の名前を知っていますか？','이 꽃의 이름을 아세요?',2,0,1,0,5,'2023-07-09 09:28:22',2,8),(137,37,1,'アメリカに行くつもりです。','미국에 가겠습니다.',1,0,0,1,1,'2023-07-09 09:41:14',2,8),(138,37,1,'あとで連絡します。','나중에 연락하겠습니다.',1,0,0,1,2,'2023-07-09 09:41:14',2,8),(139,37,1,'来年中国語を学びます。','내년에 중국어를 배우겠습니다.',1,0,0,1,3,'2023-07-09 09:41:14',2,8),(140,37,1,'何を飲みますか？','무엇을 마시겠습니까?',1,0,0,1,4,'2023-07-09 09:41:14',2,8),(141,37,1,'ビビンバを作るつもりです。','비빔밥을 만들겠어요.',2,0,0,1,5,'2023-07-09 09:41:14',2,8),(142,38,1,'夕方どこに行きましょうか？','저녁에 어디로 갈까요?',2,0,0,0,1,'2023-07-09 09:51:26',2,8),(143,38,1,'お茶を飲みませんか？','차를 마실까요?',2,0,0,0,2,'2023-07-09 09:51:26',2,8),(144,38,1,'駅の前で待ちましょうか？','역 앞에서 기다릴까요?',2,0,0,0,3,'2023-07-09 09:51:26',2,8),(145,38,1,'キムチを注文しましょうか？','김치를 시킬까요?',2,0,0,0,4,'2023-07-09 09:51:26',2,8),(146,38,1,'一緒に昼ごはんを食べませんか？','같이 점심을 먹을까요?',2,0,0,0,5,'2023-07-09 09:51:26',2,8),(147,29,1,'バスに乗って行きます。','버스를 타고 가요.',2,0,0,0,1,'2023-07-09 10:01:15',2,8),(148,29,1,'朝ご飯を食べて会社へ行きます。','아침을 먹고 회사에 갑니다.',1,0,0,0,2,'2023-07-09 10:01:15',2,8),(149,29,1,'勉強してから遊びます。','공부하고 놀아요.',2,0,0,0,3,'2023-07-09 10:01:15',2,8),(150,29,1,'手紙を書いてから寝ます。','편지를 쓰고 잡니다.',1,0,0,0,4,'2023-07-09 10:01:15',2,8),(151,29,1,'辞書を持って来ます。','사전을 가지고 와요.',2,0,0,0,5,'2023-07-09 10:01:15',2,8),(152,39,1,'牛乳が飲みたいです。','우유를 마시고 싶어요.',2,0,0,0,1,'2023-07-09 10:05:07',2,8),(153,39,1,'写真を撮りたいです。','사진을 찍고 싶습니다.',1,0,0,0,2,'2023-07-09 10:05:07',2,8),(154,39,1,'明日映画館に行きたいです。','내일 영화관에 가고 싶어요.',2,0,0,0,3,'2023-07-09 10:05:07',2,8),(155,39,1,'歌を歌いたくありません。','노래를 부르고 싶지 않아요.',2,0,0,0,4,'2023-07-09 10:05:07',2,8),(156,39,1,'家に帰りたくありません。','집에 가고 싶지 않습니다.',1,0,0,0,5,'2023-07-09 10:05:07',2,8),(157,36,1,'学校より郵便局の方が近いです。','학교보다 우체국이 가깝습니다.',1,0,0,0,1,'2023-07-09 10:19:52',2,8),(158,36,1,'タクシーよりバスの方がもっと安いです。','택시보다 버스가 더 싸요. ',2,0,0,0,2,'2023-07-09 10:19:52',2,8),(159,36,1,'先生より父の方が歳が上です。','선생님보다 아버지가 나이가 많아요.',2,0,0,0,3,'2023-07-09 10:19:52',2,8),(160,36,1,'日本より韓国の方が寒いですか？','일본보다 한국이 춥습니까?',1,0,0,0,4,'2023-07-09 10:19:52',2,8),(161,36,1,'私は酒よりコーヒーの方が好きです。','저는 술보다 커피를 좋아해요.',2,0,0,0,5,'2023-07-09 10:19:52',2,8),(162,40,1,'プレゼントは服にします。','선물은 옷으로 하겠습니다.',1,0,0,1,1,'2023-07-09 22:03:14',2,8),(163,40,1,'夕飯は焼肉にします。','저녁은 불고기로 하겠습니다. ',1,0,0,1,2,'2023-07-09 22:03:14',2,8),(164,40,1,'時間は4時にしましょうか？','시간은 네 시로 할까요?',2,0,0,0,3,'2023-07-09 22:03:14',2,8),(165,40,1,'この猫はタマと言います。','이 고양이는 다마라고 해요. ',2,0,0,0,4,'2023-07-09 22:03:14',2,8),(166,40,1,'私はスズキユミと申します。','저는 스즈키 유미라고 해요.',2,0,0,0,5,'2023-07-09 22:03:14',2,8),(167,41,1,'天気が冬みたいです。','날씨가 겨울과 같아요.',2,0,0,0,1,'2023-07-09 22:12:45',2,8),(168,41,1,'兄（弟から）は父みたいです。','형은 아버지와 같습니다.',1,0,0,0,2,'2023-07-09 22:12:45',2,8),(169,41,1,'夫と一緒に旅行に行きます。','남편과 같이 여행을 갑니다.',1,0,0,0,3,'2023-07-09 22:12:45',2,8),(170,41,1,'友達と一緒に勉強しました。','친구와 같이 공부했어요.',2,0,0,0,4,'2023-07-09 22:12:45',2,8),(171,41,1,'去年と同じく今年も韓国へ行きました。','작년과 같이 올해도 한국에 갔습니다.',1,0,0,0,5,'2023-07-09 22:12:45',2,8),(172,42,1,'今日は寒いですよね？','오늘은 춥지요?',2,0,0,0,1,'2023-07-09 22:18:09',2,8),(173,42,1,'このラーメン美味しいですよね？','이 라면 맛있지요?',2,0,0,0,2,'2023-07-09 22:18:09',2,8),(174,42,1,'そのカバンいくらですか？','그 가방 얼마지요?',2,0,0,0,3,'2023-07-09 22:18:09',2,8),(175,42,1,'お父さんは韓国人ですよね？','아버지는 한국 사람죠?',2,0,0,0,4,'2023-07-09 22:18:09',2,8),(176,42,1,'会社で会いましたよね？','회사에서 만났죠?',2,0,0,0,5,'2023-07-09 22:18:09',2,8),(177,43,1,'朝はパンだけ食べます。','아침에는 빵만 먹어요.',2,0,0,0,1,'2023-07-09 22:23:57',2,8),(178,43,1,'一つだけ買いました。','하나만 샀습니다.',1,0,0,0,2,'2023-07-09 22:23:57',2,8),(179,43,1,'果物が一つもありませんでした。','과일이 하나도 없었어요.',2,0,0,0,3,'2023-07-09 22:23:57',2,8),(180,43,1,'誰も掃除しません。','아무도 청소 안 합니다.',1,0,0,0,4,'2023-07-09 22:23:57',2,8),(181,43,1,'友達との約束です。','친구와의 약속이에요.',2,0,0,0,5,'2023-07-09 22:23:57',2,8),(182,46,1,'父は医者です。','아버지는 의사입니다.',1,0,0,0,1,'2023-07-15 09:48:48',2,8);
/*!40000 ALTER TABLE `question` ENABLE KEYS */;
UNLOCK TABLES;

--
-- Table structure for table `question_request`
--

DROP TABLE IF EXISTS `question_request`;
/*!40101 SET @saved_cs_client     = @@character_set_client */;
/*!50503 SET character_set_client = utf8mb4 */;
CREATE TABLE `question_request` (
  `id` int NOT NULL AUTO_INCREMENT,
  `client` int DEFAULT NULL,
  `process` int DEFAULT NULL,
  `title` varchar(500) DEFAULT NULL,
  `detail` text,
  `requested_at` datetime NOT NULL,
  `checked_by` int DEFAULT NULL,
  `finished_at` datetime DEFAULT NULL,
  `request_id` int DEFAULT NULL,
  `read` tinyint(1) NOT NULL,
  PRIMARY KEY (`id`),
  KEY `client` (`client`),
  KEY `process` (`process`),
  KEY `checked_by` (`checked_by`),
  CONSTRAINT `question_request_ibfk_1` FOREIGN KEY (`client`) REFERENCES `user` (`id`) ON DELETE CASCADE,
  CONSTRAINT `question_request_ibfk_2` FOREIGN KEY (`process`) REFERENCES `process` (`id`) ON DELETE CASCADE,
  CONSTRAINT `question_request_ibfk_3` FOREIGN KEY (`checked_by`) REFERENCES `user` (`id`) ON DELETE CASCADE
) ENGINE=InnoDB AUTO_INCREMENT=23 DEFAULT CHARSET=utf8mb4 COLLATE=utf8mb4_0900_ai_ci;
/*!40101 SET character_set_client = @saved_cs_client */;

--
-- Dumping data for table `question_request`
--

LOCK TABLES `question_request` WRITE;
/*!40000 ALTER TABLE `question_request` DISABLE KEYS */;
INSERT INTO `question_request` VALUES (1,2,5,'問題文の確認依頼','','2023-03-10 09:51:50',2,'2023-03-10 09:52:45',0,0),(2,2,5,'問題文の確認依頼','','2023-03-12 17:56:10',2,'2023-03-12 17:56:23',0,0),(3,2,5,'問題文の確認依頼','','2023-03-12 17:56:38',2,'2023-03-12 18:49:50',0,0),(4,2,3,'問題文の確認依頼','','2023-03-12 18:38:29',2,NULL,0,0),(5,2,5,'問題文の確認依頼','','2023-03-12 18:40:03',2,'2023-03-12 18:41:57',0,0),(6,2,5,'問題文の確認依頼','','2023-03-12 18:49:33',2,'2023-03-12 18:50:55',0,0),(7,2,5,'問題文の確認依頼(再提出)','','2023-03-12 18:58:02',2,'2023-03-13 08:30:22',6,0),(8,2,5,'問題文の確認依頼','','2023-03-13 05:46:44',2,'2023-03-13 08:30:31',0,0),(9,2,5,'問題文の確認依頼','','2023-03-13 17:00:57',2,'2023-03-13 17:01:07',0,0),(10,2,5,'問題文の確認依頼(再提出)','','2023-03-13 19:25:05',2,'2023-03-13 19:27:16',3,0),(11,2,5,'問題文の確認依頼','','2023-03-13 19:28:15',2,'2023-03-13 19:28:43',0,0),(12,2,5,'問題文の確認依頼','','2023-03-13 19:36:45',2,'2023-03-13 19:36:52',0,0),(13,2,5,'問題文の確認依頼(再提出)','','2023-03-13 19:39:14',2,'2023-03-13 19:39:23',12,0),(14,2,5,'問題文の確認依頼','','2023-03-13 19:39:28',2,'2023-03-13 19:39:40',0,0),(15,2,5,'問題文の確認依頼(再提出)','','2023-03-13 19:39:48',2,'2023-03-13 19:40:23',14,0),(16,2,5,'問題文の確認依頼','','2023-07-07 10:22:38',2,'2023-07-07 10:22:51',0,0),(17,2,5,'問題文の確認依頼','','2023-07-07 10:29:54',2,'2023-07-07 10:30:05',0,0),(18,2,5,'問題文の確認依頼','','2023-07-07 20:30:42',2,'2023-07-07 20:30:55',0,0),(19,2,5,'問題文の確認依頼','','2023-07-07 21:08:32',2,'2023-07-07 21:08:44',0,0),(20,2,5,'問題文の確認依頼','','2023-07-07 23:36:24',2,'2023-07-07 23:36:45',0,0),(21,2,5,'問題文の確認依頼','','2023-07-09 22:24:49',2,'2023-07-09 22:27:18',0,0),(22,2,5,'問題文の確認依頼','','2023-07-15 10:00:38',2,'2023-07-15 10:03:22',0,0);
/*!40000 ALTER TABLE `question_request` ENABLE KEYS */;
UNLOCK TABLES;

--
-- Table structure for table `record`
--

DROP TABLE IF EXISTS `record`;
/*!40101 SET @saved_cs_client     = @@character_set_client */;
/*!50503 SET character_set_client = utf8mb4 */;
CREATE TABLE `record` (
  `id` int NOT NULL AUTO_INCREMENT,
  `user` int DEFAULT NULL,
  `question` int DEFAULT NULL,
  `process` int DEFAULT NULL,
  `message` text,
  `executed_at` datetime NOT NULL,
  PRIMARY KEY (`id`),
  KEY `user` (`user`),
  KEY `process` (`process`),
  CONSTRAINT `record_ibfk_1` FOREIGN KEY (`user`) REFERENCES `user` (`id`) ON DELETE CASCADE,
  CONSTRAINT `record_ibfk_2` FOREIGN KEY (`process`) REFERENCES `process` (`id`) ON DELETE CASCADE
) ENGINE=InnoDB AUTO_INCREMENT=575 DEFAULT CHARSET=utf8mb4 COLLATE=utf8mb4_0900_ai_ci;
/*!40101 SET character_set_client = @saved_cs_client */;

--
-- Dumping data for table `record`
--

LOCK TABLES `record` WRITE;
/*!40000 ALTER TABLE `record` DISABLE KEYS */;
INSERT INTO `record` VALUES (1,2,1,1,'なし','2023-03-10 09:50:35'),(2,2,2,1,'なし','2023-03-10 09:50:35'),(3,2,3,1,'なし','2023-03-10 09:50:35'),(4,2,4,1,'なし','2023-03-10 09:50:35'),(5,2,5,1,'なし','2023-03-10 09:50:35'),(6,2,6,1,'なし','2023-03-10 09:51:37'),(7,2,7,1,'なし','2023-03-10 09:51:37'),(8,2,8,1,'なし','2023-03-10 09:51:37'),(9,2,9,1,'なし','2023-03-10 09:51:37'),(10,2,10,1,'なし','2023-03-10 09:51:37'),(11,2,11,1,'なし','2023-03-10 09:51:37'),(12,2,12,1,'なし','2023-03-10 09:51:37'),(13,2,13,1,'なし','2023-03-10 09:51:37'),(14,2,14,1,'なし','2023-03-10 09:51:37'),(15,2,15,1,'なし','2023-03-10 09:51:37'),(16,2,16,1,'なし','2023-03-10 09:51:37'),(17,2,17,1,'なし','2023-03-10 09:51:37'),(18,2,18,1,'なし','2023-03-10 09:51:38'),(19,2,19,1,'なし','2023-03-10 09:51:38'),(20,2,20,1,'なし','2023-03-10 09:51:38'),(21,2,21,1,'なし','2023-03-10 09:51:38'),(22,2,22,1,'なし','2023-03-10 09:51:38'),(23,2,23,1,'なし','2023-03-10 09:51:38'),(24,2,24,1,'なし','2023-03-10 09:51:38'),(25,2,25,1,'なし','2023-03-10 09:51:38'),(26,2,26,1,'なし','2023-03-10 09:51:38'),(27,2,27,1,'なし','2023-03-10 09:51:38'),(28,2,28,1,'なし','2023-03-10 09:51:38'),(29,2,29,1,'なし','2023-03-10 09:51:38'),(30,2,30,1,'なし','2023-03-10 09:51:38'),(31,2,1,5,'','2023-03-10 09:52:44'),(32,2,2,5,'','2023-03-10 09:52:44'),(33,2,3,5,'','2023-03-10 09:52:44'),(34,2,4,5,'','2023-03-10 09:52:44'),(35,2,5,5,'','2023-03-10 09:52:44'),(36,2,6,5,'','2023-03-10 09:52:44'),(37,2,7,5,'','2023-03-10 09:52:44'),(38,2,8,5,'','2023-03-10 09:52:44'),(39,2,9,5,'','2023-03-10 09:52:44'),(40,2,10,5,'','2023-03-10 09:52:44'),(41,2,11,5,'','2023-03-10 09:52:44'),(42,2,12,5,'','2023-03-10 09:52:44'),(43,2,13,5,'','2023-03-10 09:52:44'),(44,2,14,5,'','2023-03-10 09:52:44'),(45,2,15,5,'','2023-03-10 09:52:44'),(46,2,16,5,'','2023-03-10 09:52:44'),(47,2,17,5,'','2023-03-10 09:52:45'),(48,2,18,5,'','2023-03-10 09:52:45'),(49,2,19,5,'','2023-03-10 09:52:45'),(50,2,20,5,'','2023-03-10 09:52:45'),(51,2,21,5,'','2023-03-10 09:52:45'),(52,2,22,5,'','2023-03-10 09:52:45'),(53,2,23,5,'','2023-03-10 09:52:45'),(54,2,24,5,'','2023-03-10 09:52:45'),(55,2,25,5,'','2023-03-10 09:52:45'),(56,2,26,5,'','2023-03-10 09:52:45'),(57,2,27,5,'','2023-03-10 09:52:45'),(58,2,28,5,'','2023-03-10 09:52:45'),(59,2,29,5,'','2023-03-10 09:52:45'),(60,2,30,5,'','2023-03-10 09:52:45'),(61,2,1,8,'なし','2023-03-10 09:52:55'),(62,2,2,8,'なし','2023-03-10 09:52:55'),(63,2,3,8,'なし','2023-03-10 09:52:55'),(64,2,4,8,'なし','2023-03-10 09:52:55'),(65,2,5,8,'なし','2023-03-10 09:52:55'),(66,2,6,8,'なし','2023-03-10 09:52:55'),(67,2,7,8,'なし','2023-03-10 09:52:55'),(68,2,8,8,'なし','2023-03-10 09:52:55'),(69,2,9,8,'なし','2023-03-10 09:52:55'),(70,2,10,8,'なし','2023-03-10 09:52:55'),(71,2,11,8,'なし','2023-03-10 09:52:55'),(72,2,12,8,'なし','2023-03-10 09:52:55'),(73,2,13,8,'なし','2023-03-10 09:52:55'),(74,2,14,8,'なし','2023-03-10 09:52:55'),(75,2,15,8,'なし','2023-03-10 09:52:55'),(76,2,16,8,'なし','2023-03-10 09:52:55'),(77,2,17,8,'なし','2023-03-10 09:52:55'),(78,2,18,8,'なし','2023-03-10 09:52:55'),(79,2,19,8,'なし','2023-03-10 09:52:55'),(80,2,20,8,'なし','2023-03-10 09:52:55'),(81,2,21,8,'なし','2023-03-10 09:52:55'),(82,2,22,8,'なし','2023-03-10 09:52:55'),(83,2,23,8,'なし','2023-03-10 09:52:55'),(84,2,24,8,'なし','2023-03-10 09:52:55'),(85,2,25,8,'なし','2023-03-10 09:52:55'),(86,2,26,8,'なし','2023-03-10 09:52:55'),(87,2,27,8,'なし','2023-03-10 09:52:55'),(88,2,28,8,'なし','2023-03-10 09:52:55'),(89,2,29,8,'なし','2023-03-10 09:52:55'),(90,2,30,8,'なし','2023-03-10 09:52:55'),(91,2,1,2,'なし','2023-03-12 10:31:39'),(92,2,31,1,'なし','2023-03-12 10:37:54'),(93,2,31,3,'なし','2023-03-12 10:38:02'),(94,2,32,1,'なし','2023-03-12 14:58:16'),(95,2,33,1,'なし','2023-03-12 14:58:16'),(96,2,34,1,'なし','2023-03-12 14:58:16'),(97,2,35,1,'なし','2023-03-12 14:58:16'),(98,2,36,1,'なし','2023-03-12 14:58:16'),(99,2,32,5,'','2023-03-12 17:56:22'),(100,2,33,5,'','2023-03-12 17:56:23'),(101,2,37,1,'なし','2023-03-12 18:33:41'),(102,2,38,1,'なし','2023-03-12 18:33:41'),(103,2,39,1,'なし','2023-03-12 18:33:41'),(104,2,40,1,'なし','2023-03-12 18:33:41'),(105,2,41,1,'なし','2023-03-12 18:33:41'),(106,2,38,5,'','2023-03-12 18:41:57'),(107,2,30,9,'なし','2023-03-12 18:46:41'),(108,2,30,8,'なし','2023-03-12 18:49:13'),(109,2,34,6,'却下','2023-03-12 18:49:50'),(110,2,39,6,'却下','2023-03-12 18:50:55'),(111,2,39,6,'再提出のための編集','2023-03-12 18:56:13'),(112,2,13,2,'なし','2023-03-13 06:00:36'),(113,2,39,5,'','2023-03-13 08:30:22'),(114,2,35,5,'','2023-03-13 08:30:31'),(115,2,36,5,'','2023-03-13 08:30:31'),(116,2,32,8,'なし','2023-03-13 08:50:28'),(117,2,33,8,'なし','2023-03-13 08:50:28'),(118,2,35,8,'なし','2023-03-13 08:50:28'),(119,2,36,8,'なし','2023-03-13 08:50:28'),(120,2,38,8,'なし','2023-03-13 08:51:24'),(121,2,39,8,'なし','2023-03-13 08:55:31'),(122,2,42,1,'なし','2023-03-13 12:26:58'),(123,2,43,1,'なし','2023-03-13 12:26:58'),(124,2,44,1,'なし','2023-03-13 12:26:58'),(125,2,42,5,'','2023-03-13 17:01:07'),(126,2,43,5,'','2023-03-13 17:01:07'),(127,2,44,5,'','2023-03-13 17:01:07'),(128,2,45,1,'なし','2023-03-13 19:14:59'),(129,2,46,1,'なし','2023-03-13 19:14:59'),(130,2,34,5,'','2023-03-13 19:27:16'),(131,2,40,5,'','2023-03-13 19:28:43'),(132,2,41,5,'','2023-03-13 19:28:43'),(133,2,45,5,'','2023-03-13 19:28:43'),(134,2,46,5,'','2023-03-13 19:28:43'),(135,2,37,5,'','2023-03-13 19:28:43'),(136,2,34,8,'なし','2023-03-13 19:32:02'),(137,2,37,8,'なし','2023-03-13 19:32:02'),(138,2,40,8,'なし','2023-03-13 19:32:02'),(139,2,41,8,'なし','2023-03-13 19:32:02'),(140,2,42,8,'なし','2023-03-13 19:32:02'),(141,2,43,8,'なし','2023-03-13 19:32:02'),(142,2,44,8,'なし','2023-03-13 19:32:02'),(143,2,45,8,'なし','2023-03-13 19:32:02'),(144,2,46,8,'なし','2023-03-13 19:32:02'),(145,2,47,1,'なし','2023-03-13 19:36:33'),(146,2,48,1,'なし','2023-03-13 19:36:33'),(147,2,49,1,'なし','2023-03-13 19:36:33'),(148,2,50,1,'なし','2023-03-13 19:36:33'),(149,2,51,1,'なし','2023-03-13 19:36:33'),(150,2,47,6,'却下','2023-03-13 19:36:52'),(151,2,47,5,'OK','2023-03-13 19:39:23'),(152,2,48,6,'却下','2023-03-13 19:39:40'),(153,2,48,5,'おk','2023-03-13 19:40:23'),(154,2,15,2,'なし','2023-03-13 19:54:03'),(155,2,15,2,'なし','2023-03-13 19:54:37'),(156,2,47,8,'なし','2023-07-01 10:41:39'),(157,2,48,8,'なし','2023-07-02 23:04:47'),(158,2,52,1,'','2023-07-07 04:52:27'),(159,2,53,1,'','2023-07-07 04:52:27'),(160,2,54,1,'','2023-07-07 04:52:28'),(161,2,55,1,'','2023-07-07 04:52:28'),(162,2,56,1,'','2023-07-07 04:52:28'),(163,2,57,1,'','2023-07-07 04:54:46'),(164,2,58,1,'','2023-07-07 04:54:46'),(165,2,59,1,'','2023-07-07 04:54:46'),(166,2,60,1,'','2023-07-07 04:54:46'),(167,2,61,1,'','2023-07-07 04:54:46'),(168,2,62,1,'','2023-07-07 05:00:35'),(169,2,63,1,'','2023-07-07 05:00:35'),(170,2,64,1,'','2023-07-07 05:00:35'),(171,2,65,1,'','2023-07-07 05:00:35'),(172,2,66,1,'','2023-07-07 05:00:35'),(173,2,67,1,'','2023-07-07 05:02:38'),(174,2,68,1,'','2023-07-07 05:02:38'),(175,2,69,1,'','2023-07-07 05:02:38'),(176,2,70,1,'','2023-07-07 05:02:38'),(177,2,71,1,'','2023-07-07 05:02:38'),(178,2,72,1,'','2023-07-07 05:06:45'),(179,2,73,1,'','2023-07-07 05:06:45'),(180,2,74,1,'','2023-07-07 05:06:45'),(181,2,75,1,'','2023-07-07 05:06:45'),(182,2,76,1,'','2023-07-07 05:06:45'),(183,2,77,1,'','2023-07-07 05:08:28'),(184,2,78,1,'','2023-07-07 05:08:28'),(185,2,79,1,'','2023-07-07 05:08:28'),(186,2,80,1,'','2023-07-07 05:08:28'),(187,2,81,1,'','2023-07-07 05:08:28'),(188,2,82,1,'','2023-07-07 05:10:10'),(189,2,83,1,'','2023-07-07 05:10:10'),(190,2,84,1,'','2023-07-07 05:10:10'),(191,2,85,1,'','2023-07-07 05:10:11'),(192,2,86,1,'','2023-07-07 05:10:11'),(193,2,87,1,'','2023-07-07 05:11:31'),(194,2,88,1,'','2023-07-07 05:11:31'),(195,2,89,1,'','2023-07-07 05:11:31'),(196,2,90,1,'','2023-07-07 05:11:31'),(197,2,91,1,'','2023-07-07 05:11:31'),(198,2,62,5,'','2023-07-07 10:22:51'),(199,2,63,5,'','2023-07-07 10:22:51'),(200,2,64,5,'','2023-07-07 10:22:51'),(201,2,65,5,'','2023-07-07 10:22:51'),(202,2,66,5,'','2023-07-07 10:22:51'),(203,2,62,8,'なし','2023-07-07 10:29:00'),(204,2,63,8,'なし','2023-07-07 10:29:00'),(205,2,64,8,'なし','2023-07-07 10:29:00'),(206,2,65,8,'なし','2023-07-07 10:29:00'),(207,2,66,8,'なし','2023-07-07 10:29:00'),(208,2,49,5,'','2023-07-07 10:30:05'),(209,2,50,5,'','2023-07-07 10:30:05'),(210,2,51,5,'','2023-07-07 10:30:05'),(211,2,52,5,'','2023-07-07 20:30:55'),(212,2,53,5,'','2023-07-07 20:30:55'),(213,2,54,5,'','2023-07-07 20:30:55'),(214,2,55,5,'','2023-07-07 20:30:55'),(215,2,56,5,'','2023-07-07 20:30:55'),(216,2,57,5,'','2023-07-07 21:08:44'),(217,2,58,5,'','2023-07-07 21:08:44'),(218,2,59,5,'','2023-07-07 21:08:44'),(219,2,60,5,'','2023-07-07 21:08:44'),(220,2,61,5,'','2023-07-07 21:08:44'),(221,2,67,5,'','2023-07-07 23:36:45'),(222,2,68,5,'','2023-07-07 23:36:45'),(223,2,69,5,'','2023-07-07 23:36:45'),(224,2,70,5,'','2023-07-07 23:36:45'),(225,2,71,5,'','2023-07-07 23:36:45'),(226,2,49,8,'なし','2023-07-07 23:41:28'),(227,2,50,8,'なし','2023-07-07 23:41:28'),(228,2,51,8,'なし','2023-07-07 23:41:28'),(229,2,52,8,'なし','2023-07-07 23:41:28'),(230,2,53,8,'なし','2023-07-07 23:41:28'),(231,2,54,8,'なし','2023-07-07 23:41:28'),(232,2,55,8,'なし','2023-07-07 23:41:28'),(233,2,56,8,'なし','2023-07-07 23:41:28'),(234,2,57,8,'なし','2023-07-07 23:41:28'),(235,2,58,8,'なし','2023-07-07 23:41:28'),(236,2,59,8,'なし','2023-07-07 23:41:28'),(237,2,60,8,'なし','2023-07-07 23:41:28'),(238,2,61,8,'なし','2023-07-07 23:41:28'),(239,2,67,8,'なし','2023-07-07 23:41:28'),(240,2,68,8,'なし','2023-07-07 23:41:28'),(241,2,69,8,'なし','2023-07-07 23:41:28'),(242,2,70,8,'なし','2023-07-07 23:41:28'),(243,2,71,8,'なし','2023-07-07 23:41:28'),(244,2,43,2,'','2023-07-08 10:50:57'),(245,2,44,2,'','2023-07-08 10:52:17'),(246,2,53,2,'','2023-07-08 10:58:47'),(247,2,65,2,'','2023-07-08 11:08:44'),(248,2,66,2,'','2023-07-08 11:10:14'),(249,2,92,1,'','2023-07-09 01:28:54'),(250,2,93,1,'','2023-07-09 01:28:54'),(251,2,94,1,'','2023-07-09 01:28:54'),(252,2,95,1,'','2023-07-09 01:28:54'),(253,2,96,1,'','2023-07-09 01:28:54'),(254,2,97,1,'','2023-07-09 01:30:45'),(255,2,98,1,'','2023-07-09 01:30:45'),(256,2,99,1,'','2023-07-09 01:30:45'),(257,2,100,1,'','2023-07-09 01:30:45'),(258,2,101,1,'','2023-07-09 01:30:45'),(259,2,102,1,'','2023-07-09 01:33:32'),(260,2,103,1,'','2023-07-09 01:33:32'),(261,2,104,1,'','2023-07-09 01:33:32'),(262,2,105,1,'','2023-07-09 01:33:32'),(263,2,106,1,'','2023-07-09 01:33:32'),(264,2,107,1,'','2023-07-09 01:36:36'),(265,2,108,1,'','2023-07-09 01:36:36'),(266,2,109,1,'','2023-07-09 01:36:36'),(267,2,110,1,'','2023-07-09 01:36:36'),(268,2,111,1,'','2023-07-09 01:36:36'),(269,2,112,1,'','2023-07-09 05:11:28'),(270,2,113,1,'','2023-07-09 05:11:28'),(271,2,114,1,'','2023-07-09 05:11:28'),(272,2,115,1,'','2023-07-09 05:11:28'),(273,2,116,1,'','2023-07-09 05:11:28'),(274,2,117,1,'','2023-07-09 05:14:49'),(275,2,118,1,'','2023-07-09 05:14:49'),(276,2,119,1,'','2023-07-09 05:14:49'),(277,2,120,1,'','2023-07-09 05:14:49'),(278,2,121,1,'','2023-07-09 05:14:49'),(279,2,122,1,'','2023-07-09 05:22:23'),(280,2,123,1,'','2023-07-09 05:22:23'),(281,2,124,1,'','2023-07-09 05:22:23'),(282,2,125,1,'','2023-07-09 05:22:23'),(283,2,126,1,'','2023-07-09 05:22:23'),(284,2,127,1,'','2023-07-09 05:29:58'),(285,2,128,1,'','2023-07-09 05:29:58'),(286,2,129,1,'','2023-07-09 05:29:58'),(287,2,130,1,'','2023-07-09 05:29:58'),(288,2,131,1,'','2023-07-09 05:29:58'),(289,2,132,1,'','2023-07-09 09:28:22'),(290,2,133,1,'','2023-07-09 09:28:22'),(291,2,134,1,'','2023-07-09 09:28:22'),(292,2,135,1,'','2023-07-09 09:28:22'),(293,2,136,1,'','2023-07-09 09:28:22'),(294,2,137,1,'','2023-07-09 09:41:14'),(295,2,138,1,'','2023-07-09 09:41:14'),(296,2,139,1,'','2023-07-09 09:41:14'),(297,2,140,1,'','2023-07-09 09:41:14'),(298,2,141,1,'','2023-07-09 09:41:14'),(299,2,142,1,'','2023-07-09 09:51:26'),(300,2,143,1,'','2023-07-09 09:51:26'),(301,2,144,1,'','2023-07-09 09:51:26'),(302,2,145,1,'','2023-07-09 09:51:26'),(303,2,146,1,'','2023-07-09 09:51:26'),(304,2,147,1,'','2023-07-09 10:01:15'),(305,2,148,1,'','2023-07-09 10:01:15'),(306,2,149,1,'','2023-07-09 10:01:15'),(307,2,150,1,'','2023-07-09 10:01:15'),(308,2,151,1,'','2023-07-09 10:01:15'),(309,2,152,1,'','2023-07-09 10:05:07'),(310,2,153,1,'','2023-07-09 10:05:07'),(311,2,154,1,'','2023-07-09 10:05:07'),(312,2,155,1,'','2023-07-09 10:05:07'),(313,2,156,1,'','2023-07-09 10:05:07'),(314,2,157,1,'','2023-07-09 10:19:52'),(315,2,158,1,'','2023-07-09 10:19:52'),(316,2,159,1,'','2023-07-09 10:19:52'),(317,2,160,1,'','2023-07-09 10:19:52'),(318,2,161,1,'','2023-07-09 10:19:52'),(319,2,162,1,'','2023-07-09 22:03:14'),(320,2,163,1,'','2023-07-09 22:03:14'),(321,2,164,1,'','2023-07-09 22:03:14'),(322,2,165,1,'','2023-07-09 22:03:14'),(323,2,166,1,'','2023-07-09 22:03:14'),(324,2,167,1,'','2023-07-09 22:12:45'),(325,2,168,1,'','2023-07-09 22:12:45'),(326,2,169,1,'','2023-07-09 22:12:45'),(327,2,170,1,'','2023-07-09 22:12:45'),(328,2,171,1,'','2023-07-09 22:12:45'),(329,2,172,1,'','2023-07-09 22:18:09'),(330,2,173,1,'','2023-07-09 22:18:09'),(331,2,174,1,'','2023-07-09 22:18:09'),(332,2,175,1,'','2023-07-09 22:18:09'),(333,2,176,1,'','2023-07-09 22:18:09'),(334,2,177,1,'','2023-07-09 22:23:57'),(335,2,178,1,'','2023-07-09 22:23:57'),(336,2,179,1,'','2023-07-09 22:23:57'),(337,2,180,1,'','2023-07-09 22:23:57'),(338,2,181,1,'','2023-07-09 22:23:57'),(339,2,72,5,'','2023-07-09 22:27:17'),(340,2,73,5,'','2023-07-09 22:27:17'),(341,2,74,5,'','2023-07-09 22:27:17'),(342,2,75,5,'','2023-07-09 22:27:17'),(343,2,76,5,'','2023-07-09 22:27:17'),(344,2,77,5,'','2023-07-09 22:27:17'),(345,2,78,5,'','2023-07-09 22:27:17'),(346,2,79,5,'','2023-07-09 22:27:17'),(347,2,80,5,'','2023-07-09 22:27:17'),(348,2,81,5,'','2023-07-09 22:27:17'),(349,2,82,5,'','2023-07-09 22:27:17'),(350,2,83,5,'','2023-07-09 22:27:17'),(351,2,84,5,'','2023-07-09 22:27:17'),(352,2,85,5,'','2023-07-09 22:27:17'),(353,2,86,5,'','2023-07-09 22:27:17'),(354,2,87,5,'','2023-07-09 22:27:17'),(355,2,88,5,'','2023-07-09 22:27:17'),(356,2,89,5,'','2023-07-09 22:27:17'),(357,2,90,5,'','2023-07-09 22:27:17'),(358,2,91,5,'','2023-07-09 22:27:17'),(359,2,92,5,'','2023-07-09 22:27:17'),(360,2,93,5,'','2023-07-09 22:27:17'),(361,2,94,5,'','2023-07-09 22:27:17'),(362,2,95,5,'','2023-07-09 22:27:17'),(363,2,96,5,'','2023-07-09 22:27:17'),(364,2,97,5,'','2023-07-09 22:27:17'),(365,2,98,5,'','2023-07-09 22:27:17'),(366,2,99,5,'','2023-07-09 22:27:17'),(367,2,100,5,'','2023-07-09 22:27:17'),(368,2,101,5,'','2023-07-09 22:27:17'),(369,2,102,5,'','2023-07-09 22:27:17'),(370,2,103,5,'','2023-07-09 22:27:17'),(371,2,104,5,'','2023-07-09 22:27:17'),(372,2,105,5,'','2023-07-09 22:27:17'),(373,2,106,5,'','2023-07-09 22:27:17'),(374,2,107,5,'','2023-07-09 22:27:17'),(375,2,108,5,'','2023-07-09 22:27:17'),(376,2,109,5,'','2023-07-09 22:27:17'),(377,2,110,5,'','2023-07-09 22:27:17'),(378,2,111,5,'','2023-07-09 22:27:17'),(379,2,112,5,'','2023-07-09 22:27:17'),(380,2,113,5,'','2023-07-09 22:27:17'),(381,2,114,5,'','2023-07-09 22:27:17'),(382,2,115,5,'','2023-07-09 22:27:17'),(383,2,116,5,'','2023-07-09 22:27:17'),(384,2,117,5,'','2023-07-09 22:27:17'),(385,2,118,5,'','2023-07-09 22:27:17'),(386,2,119,5,'','2023-07-09 22:27:17'),(387,2,120,5,'','2023-07-09 22:27:17'),(388,2,121,5,'','2023-07-09 22:27:17'),(389,2,122,5,'','2023-07-09 22:27:17'),(390,2,123,5,'','2023-07-09 22:27:17'),(391,2,124,5,'','2023-07-09 22:27:17'),(392,2,125,5,'','2023-07-09 22:27:17'),(393,2,126,5,'','2023-07-09 22:27:17'),(394,2,127,5,'','2023-07-09 22:27:17'),(395,2,128,5,'','2023-07-09 22:27:17'),(396,2,129,5,'','2023-07-09 22:27:17'),(397,2,130,5,'','2023-07-09 22:27:17'),(398,2,131,5,'','2023-07-09 22:27:17'),(399,2,132,5,'','2023-07-09 22:27:17'),(400,2,133,5,'','2023-07-09 22:27:17'),(401,2,134,5,'','2023-07-09 22:27:17'),(402,2,135,5,'','2023-07-09 22:27:17'),(403,2,136,5,'','2023-07-09 22:27:17'),(404,2,157,5,'','2023-07-09 22:27:17'),(405,2,158,5,'','2023-07-09 22:27:17'),(406,2,159,5,'','2023-07-09 22:27:17'),(407,2,160,5,'','2023-07-09 22:27:17'),(408,2,161,5,'','2023-07-09 22:27:17'),(409,2,137,5,'','2023-07-09 22:27:17'),(410,2,138,5,'','2023-07-09 22:27:17'),(411,2,139,5,'','2023-07-09 22:27:17'),(412,2,140,5,'','2023-07-09 22:27:17'),(413,2,141,5,'','2023-07-09 22:27:17'),(414,2,142,5,'','2023-07-09 22:27:18'),(415,2,143,5,'','2023-07-09 22:27:18'),(416,2,144,5,'','2023-07-09 22:27:18'),(417,2,145,5,'','2023-07-09 22:27:18'),(418,2,146,5,'','2023-07-09 22:27:18'),(419,2,147,5,'','2023-07-09 22:27:18'),(420,2,148,5,'','2023-07-09 22:27:18'),(421,2,149,5,'','2023-07-09 22:27:18'),(422,2,150,5,'','2023-07-09 22:27:18'),(423,2,151,5,'','2023-07-09 22:27:18'),(424,2,152,5,'','2023-07-09 22:27:18'),(425,2,153,5,'','2023-07-09 22:27:18'),(426,2,154,5,'','2023-07-09 22:27:18'),(427,2,155,5,'','2023-07-09 22:27:18'),(428,2,156,5,'','2023-07-09 22:27:18'),(429,2,162,5,'','2023-07-09 22:27:18'),(430,2,163,5,'','2023-07-09 22:27:18'),(431,2,164,5,'','2023-07-09 22:27:18'),(432,2,165,5,'','2023-07-09 22:27:18'),(433,2,166,5,'','2023-07-09 22:27:18'),(434,2,167,5,'','2023-07-09 22:27:18'),(435,2,168,5,'','2023-07-09 22:27:18'),(436,2,169,5,'','2023-07-09 22:27:18'),(437,2,170,5,'','2023-07-09 22:27:18'),(438,2,171,5,'','2023-07-09 22:27:18'),(439,2,172,5,'','2023-07-09 22:27:18'),(440,2,173,5,'','2023-07-09 22:27:18'),(441,2,174,5,'','2023-07-09 22:27:18'),(442,2,175,5,'','2023-07-09 22:27:18'),(443,2,176,5,'','2023-07-09 22:27:18'),(444,2,177,5,'','2023-07-09 22:27:18'),(445,2,178,5,'','2023-07-09 22:27:18'),(446,2,179,5,'','2023-07-09 22:27:18'),(447,2,180,5,'','2023-07-09 22:27:18'),(448,2,181,5,'','2023-07-09 22:27:18'),(449,2,70,2,'','2023-07-10 05:45:02'),(450,2,71,2,'','2023-07-10 05:46:30'),(451,2,80,2,'','2023-07-10 05:59:20'),(452,2,132,2,'','2023-07-14 21:28:18'),(453,2,133,2,'','2023-07-14 21:28:24'),(454,2,134,2,'','2023-07-14 21:29:46'),(455,2,135,2,'','2023-07-14 21:29:52'),(456,2,136,2,'','2023-07-14 21:29:58'),(457,2,161,2,'','2023-07-14 21:34:05'),(458,2,151,2,'','2023-07-14 21:41:15'),(459,2,173,2,'','2023-07-14 21:50:22'),(460,2,72,8,'なし','2023-07-14 21:57:06'),(461,2,73,8,'なし','2023-07-14 21:57:06'),(462,2,74,8,'なし','2023-07-14 21:57:06'),(463,2,75,8,'なし','2023-07-14 21:57:06'),(464,2,76,8,'なし','2023-07-14 21:57:06'),(465,2,77,8,'なし','2023-07-14 21:57:06'),(466,2,78,8,'なし','2023-07-14 21:57:06'),(467,2,79,8,'なし','2023-07-14 21:57:06'),(468,2,80,8,'なし','2023-07-14 21:57:06'),(469,2,81,8,'なし','2023-07-14 21:57:06'),(470,2,82,8,'なし','2023-07-14 21:57:06'),(471,2,83,8,'なし','2023-07-14 21:57:06'),(472,2,84,8,'なし','2023-07-14 21:57:06'),(473,2,85,8,'なし','2023-07-14 21:57:06'),(474,2,86,8,'なし','2023-07-14 21:57:06'),(475,2,87,8,'なし','2023-07-14 21:57:06'),(476,2,88,8,'なし','2023-07-14 21:57:06'),(477,2,89,8,'なし','2023-07-14 21:57:06'),(478,2,90,8,'なし','2023-07-14 21:57:06'),(479,2,91,8,'なし','2023-07-14 21:57:06'),(480,2,92,8,'なし','2023-07-14 21:57:06'),(481,2,93,8,'なし','2023-07-14 21:57:06'),(482,2,94,8,'なし','2023-07-14 21:57:06'),(483,2,95,8,'なし','2023-07-14 21:57:06'),(484,2,96,8,'なし','2023-07-14 21:57:06'),(485,2,97,8,'なし','2023-07-14 21:57:06'),(486,2,98,8,'なし','2023-07-14 21:57:06'),(487,2,99,8,'なし','2023-07-14 21:57:06'),(488,2,100,8,'なし','2023-07-14 21:57:06'),(489,2,101,8,'なし','2023-07-14 21:57:06'),(490,2,102,8,'なし','2023-07-14 21:57:06'),(491,2,103,8,'なし','2023-07-14 21:57:06'),(492,2,104,8,'なし','2023-07-14 21:57:06'),(493,2,105,8,'なし','2023-07-14 21:57:06'),(494,2,106,8,'なし','2023-07-14 21:57:06'),(495,2,107,8,'なし','2023-07-14 21:57:06'),(496,2,108,8,'なし','2023-07-14 21:57:06'),(497,2,109,8,'なし','2023-07-14 21:57:06'),(498,2,110,8,'なし','2023-07-14 21:57:06'),(499,2,111,8,'なし','2023-07-14 21:57:06'),(500,2,112,8,'なし','2023-07-14 21:57:06'),(501,2,113,8,'なし','2023-07-14 21:57:06'),(502,2,114,8,'なし','2023-07-14 21:57:06'),(503,2,115,8,'なし','2023-07-14 21:57:06'),(504,2,116,8,'なし','2023-07-14 21:57:06'),(505,2,117,8,'なし','2023-07-14 21:57:06'),(506,2,118,8,'なし','2023-07-14 21:57:06'),(507,2,119,8,'なし','2023-07-14 21:57:06'),(508,2,120,8,'なし','2023-07-14 21:57:06'),(509,2,121,8,'なし','2023-07-14 21:57:06'),(510,2,122,8,'なし','2023-07-14 21:57:06'),(511,2,123,8,'なし','2023-07-14 21:57:06'),(512,2,124,8,'なし','2023-07-14 21:57:06'),(513,2,125,8,'なし','2023-07-14 21:57:06'),(514,2,126,8,'なし','2023-07-14 21:57:06'),(515,2,127,8,'なし','2023-07-14 21:57:06'),(516,2,128,8,'なし','2023-07-14 21:57:06'),(517,2,129,8,'なし','2023-07-14 21:57:06'),(518,2,130,8,'なし','2023-07-14 21:57:06'),(519,2,131,8,'なし','2023-07-14 21:57:06'),(520,2,132,8,'なし','2023-07-14 21:57:06'),(521,2,133,8,'なし','2023-07-14 21:57:06'),(522,2,134,8,'なし','2023-07-14 21:57:06'),(523,2,135,8,'なし','2023-07-14 21:57:06'),(524,2,136,8,'なし','2023-07-14 21:57:06'),(525,2,137,8,'なし','2023-07-14 21:57:06'),(526,2,138,8,'なし','2023-07-14 21:57:06'),(527,2,139,8,'なし','2023-07-14 21:57:06'),(528,2,140,8,'なし','2023-07-14 21:57:06'),(529,2,141,8,'なし','2023-07-14 21:57:06'),(530,2,142,8,'なし','2023-07-14 21:57:06'),(531,2,143,8,'なし','2023-07-14 21:57:06'),(532,2,144,8,'なし','2023-07-14 21:57:06'),(533,2,145,8,'なし','2023-07-14 21:57:06'),(534,2,146,8,'なし','2023-07-14 21:57:06'),(535,2,147,8,'なし','2023-07-14 21:57:06'),(536,2,148,8,'なし','2023-07-14 21:57:06'),(537,2,149,8,'なし','2023-07-14 21:57:06'),(538,2,150,8,'なし','2023-07-14 21:57:06'),(539,2,151,8,'なし','2023-07-14 21:57:06'),(540,2,152,8,'なし','2023-07-14 21:57:06'),(541,2,153,8,'なし','2023-07-14 21:57:06'),(542,2,154,8,'なし','2023-07-14 21:57:06'),(543,2,155,8,'なし','2023-07-14 21:57:06'),(544,2,156,8,'なし','2023-07-14 21:57:06'),(545,2,157,8,'なし','2023-07-14 21:57:06'),(546,2,158,8,'なし','2023-07-14 21:57:06'),(547,2,159,8,'なし','2023-07-14 21:57:06'),(548,2,160,8,'なし','2023-07-14 21:57:06'),(549,2,161,8,'なし','2023-07-14 21:57:06'),(550,2,162,8,'なし','2023-07-14 21:57:06'),(551,2,163,8,'なし','2023-07-14 21:57:06'),(552,2,164,8,'なし','2023-07-14 21:57:06'),(553,2,165,8,'なし','2023-07-14 21:57:06'),(554,2,166,8,'なし','2023-07-14 21:57:06'),(555,2,167,8,'なし','2023-07-14 21:57:06'),(556,2,168,8,'なし','2023-07-14 21:57:06'),(557,2,169,8,'なし','2023-07-14 21:57:06'),(558,2,170,8,'なし','2023-07-14 21:57:06'),(559,2,171,8,'なし','2023-07-14 21:57:06'),(560,2,172,8,'なし','2023-07-14 21:57:06'),(561,2,173,8,'なし','2023-07-14 21:57:06'),(562,2,174,8,'なし','2023-07-14 21:57:06'),(563,2,175,8,'なし','2023-07-14 21:57:06'),(564,2,176,8,'なし','2023-07-14 21:57:06'),(565,2,177,8,'なし','2023-07-14 21:57:06'),(566,2,178,8,'なし','2023-07-14 21:57:06'),(567,2,179,8,'なし','2023-07-14 21:57:06'),(568,2,180,8,'なし','2023-07-14 21:57:06'),(569,2,181,8,'なし','2023-07-14 21:57:06'),(570,2,178,2,'','2023-07-14 21:58:00'),(571,2,180,2,'','2023-07-14 21:58:58'),(572,2,182,1,'','2023-07-15 09:48:48'),(573,2,182,5,'','2023-07-15 10:03:22'),(574,2,182,8,'なし','2023-07-15 10:07:13');
/*!40000 ALTER TABLE `record` ENABLE KEYS */;
UNLOCK TABLES;

--
-- Table structure for table `requested_question`
--

DROP TABLE IF EXISTS `requested_question`;
/*!40101 SET @saved_cs_client     = @@character_set_client */;
/*!50503 SET character_set_client = utf8mb4 */;
CREATE TABLE `requested_question` (
  `id` int NOT NULL AUTO_INCREMENT,
  `request_id` int DEFAULT NULL,
  `question` int DEFAULT NULL,
  PRIMARY KEY (`id`),
  KEY `request_id` (`request_id`),
  KEY `question` (`question`),
  CONSTRAINT `requested_question_ibfk_1` FOREIGN KEY (`request_id`) REFERENCES `question_request` (`id`) ON DELETE CASCADE,
  CONSTRAINT `requested_question_ibfk_2` FOREIGN KEY (`question`) REFERENCES `question` (`id`) ON DELETE CASCADE
) ENGINE=InnoDB AUTO_INCREMENT=187 DEFAULT CHARSET=utf8mb4 COLLATE=utf8mb4_0900_ai_ci;
/*!40101 SET character_set_client = @saved_cs_client */;

--
-- Dumping data for table `requested_question`
--

LOCK TABLES `requested_question` WRITE;
/*!40000 ALTER TABLE `requested_question` DISABLE KEYS */;
INSERT INTO `requested_question` VALUES (1,1,1),(2,1,2),(3,1,3),(4,1,4),(5,1,5),(6,1,6),(7,1,7),(8,1,8),(9,1,9),(10,1,10),(11,1,11),(12,1,12),(13,1,13),(14,1,14),(15,1,15),(16,1,16),(17,1,17),(18,1,18),(19,1,19),(20,1,20),(21,1,21),(22,1,22),(23,1,23),(24,1,24),(25,1,25),(26,1,26),(27,1,27),(28,1,28),(29,1,29),(30,1,30),(31,2,32),(32,2,33),(33,3,34),(34,4,37),(35,5,38),(36,6,39),(37,7,39),(38,8,35),(39,8,36),(40,9,42),(41,9,43),(42,9,44),(43,10,34),(44,11,40),(45,11,41),(46,11,45),(47,11,46),(48,11,37),(49,12,47),(50,13,47),(51,14,48),(52,15,48),(53,16,62),(54,16,63),(55,16,64),(56,16,65),(57,16,66),(58,17,49),(59,17,50),(60,17,51),(61,18,52),(62,18,53),(63,18,54),(64,18,55),(65,18,56),(66,19,57),(67,19,58),(68,19,59),(69,19,60),(70,19,61),(71,20,67),(72,20,68),(73,20,69),(74,20,70),(75,20,71),(76,21,72),(77,21,73),(78,21,74),(79,21,75),(80,21,76),(81,21,77),(82,21,78),(83,21,79),(84,21,80),(85,21,81),(86,21,82),(87,21,83),(88,21,84),(89,21,85),(90,21,86),(91,21,87),(92,21,88),(93,21,89),(94,21,90),(95,21,91),(96,21,92),(97,21,93),(98,21,94),(99,21,95),(100,21,96),(101,21,97),(102,21,98),(103,21,99),(104,21,100),(105,21,101),(106,21,102),(107,21,103),(108,21,104),(109,21,105),(110,21,106),(111,21,107),(112,21,108),(113,21,109),(114,21,110),(115,21,111),(116,21,112),(117,21,113),(118,21,114),(119,21,115),(120,21,116),(121,21,117),(122,21,118),(123,21,119),(124,21,120),(125,21,121),(126,21,122),(127,21,123),(128,21,124),(129,21,125),(130,21,126),(131,21,127),(132,21,128),(133,21,129),(134,21,130),(135,21,131),(136,21,132),(137,21,133),(138,21,134),(139,21,135),(140,21,136),(141,21,157),(142,21,158),(143,21,159),(144,21,160),(145,21,161),(146,21,137),(147,21,138),(148,21,139),(149,21,140),(150,21,141),(151,21,142),(152,21,143),(153,21,144),(154,21,145),(155,21,146),(156,21,147),(157,21,148),(158,21,149),(159,21,150),(160,21,151),(161,21,152),(162,21,153),(163,21,154),(164,21,155),(165,21,156),(166,21,162),(167,21,163),(168,21,164),(169,21,165),(170,21,166),(171,21,167),(172,21,168),(173,21,169),(174,21,170),(175,21,171),(176,21,172),(177,21,173),(178,21,174),(179,21,175),(180,21,176),(181,21,177),(182,21,178),(183,21,179),(184,21,180),(185,21,181),(186,22,182);
/*!40000 ALTER TABLE `requested_question` ENABLE KEYS */;
UNLOCK TABLES;

--
-- Table structure for table `score`
--

DROP TABLE IF EXISTS `score`;
/*!40101 SET @saved_cs_client     = @@character_set_client */;
/*!50503 SET character_set_client = utf8mb4 */;
CREATE TABLE `score` (
  `id` int NOT NULL AUTO_INCREMENT,
  `user` int DEFAULT NULL,
  `question` int DEFAULT NULL,
  `correct` tinyint(1) NOT NULL,
  `review` tinyint(1) NOT NULL,
  `answered_at` datetime NOT NULL,
  PRIMARY KEY (`id`),
  KEY `user` (`user`),
  KEY `question` (`question`),
  CONSTRAINT `score_ibfk_1` FOREIGN KEY (`user`) REFERENCES `user` (`id`) ON DELETE CASCADE,
  CONSTRAINT `score_ibfk_2` FOREIGN KEY (`question`) REFERENCES `question` (`id`) ON DELETE CASCADE
) ENGINE=InnoDB AUTO_INCREMENT=258 DEFAULT CHARSET=utf8mb4 COLLATE=utf8mb4_0900_ai_ci;
/*!40101 SET character_set_client = @saved_cs_client */;

--
-- Dumping data for table `score`
--

LOCK TABLES `score` WRITE;
/*!40000 ALTER TABLE `score` DISABLE KEYS */;
INSERT INTO `score` VALUES (1,1,1,1,0,'2023-03-10 09:53:02'),(2,1,2,1,0,'2023-03-10 09:53:03'),(3,1,3,1,0,'2023-03-10 09:53:04'),(4,1,4,1,0,'2023-03-10 09:53:05'),(5,1,5,1,0,'2023-03-10 09:53:05'),(6,1,6,1,0,'2023-03-10 09:53:29'),(7,1,7,1,0,'2023-03-10 09:53:30'),(8,1,8,1,0,'2023-03-10 09:53:31'),(9,1,9,1,0,'2023-03-10 09:53:32'),(10,1,10,1,0,'2023-03-10 09:53:33'),(11,1,1,0,0,'2023-03-10 09:54:09'),(12,1,2,1,0,'2023-03-10 09:54:10'),(13,1,3,1,0,'2023-03-10 09:54:11'),(14,1,4,1,0,'2023-03-10 09:54:12'),(15,1,5,1,0,'2023-03-10 09:54:12'),(16,1,1,1,0,'2023-03-10 09:54:28'),(17,1,6,0,0,'2023-03-10 09:54:33'),(18,1,7,1,0,'2023-03-10 09:54:34'),(19,1,8,1,0,'2023-03-10 09:54:34'),(20,1,9,1,0,'2023-03-10 09:54:35'),(21,1,10,1,0,'2023-03-10 09:54:36'),(22,1,11,0,0,'2023-03-10 09:54:38'),(23,1,12,1,0,'2023-03-10 09:54:39'),(24,1,13,1,0,'2023-03-10 09:54:40'),(25,1,14,1,0,'2023-03-10 09:54:40'),(26,1,15,1,0,'2023-03-10 09:54:41'),(27,1,11,1,0,'2023-03-10 09:54:56'),(28,1,16,0,0,'2023-03-10 10:11:50'),(29,1,17,0,0,'2023-03-10 10:11:51'),(30,1,18,1,0,'2023-03-10 10:11:52'),(31,1,19,0,0,'2023-03-10 10:11:52'),(32,1,20,0,0,'2023-03-10 10:11:53'),(33,1,16,1,0,'2023-03-10 10:11:56'),(34,1,17,0,0,'2023-03-10 10:11:56'),(35,1,19,1,0,'2023-03-10 10:11:57'),(36,1,20,0,0,'2023-03-10 10:11:58'),(37,1,6,0,0,'2023-03-10 10:14:18'),(38,1,17,1,0,'2023-03-10 10:14:19'),(39,1,20,0,0,'2023-03-10 10:14:20'),(40,1,20,0,0,'2023-03-10 10:17:08'),(41,1,6,0,0,'2023-03-10 10:17:09'),(42,1,20,1,0,'2023-03-10 10:17:18'),(43,1,6,1,0,'2023-03-10 10:17:18'),(44,1,21,1,0,'2023-03-10 10:24:48'),(45,1,22,0,0,'2023-03-10 10:24:50'),(46,1,22,0,0,'2023-03-10 10:24:57'),(47,1,23,0,0,'2023-03-10 10:25:09'),(48,1,24,0,0,'2023-03-10 10:25:09'),(49,1,25,0,0,'2023-03-10 10:25:10'),(50,1,26,1,0,'2023-03-10 10:25:15'),(51,1,27,0,0,'2023-03-10 10:25:16'),(52,1,28,1,0,'2023-03-10 10:25:16'),(53,1,29,1,0,'2023-03-10 10:25:17'),(54,1,30,0,0,'2023-03-10 10:25:17'),(55,1,27,0,0,'2023-03-10 10:25:20'),(56,1,30,1,0,'2023-03-10 10:25:21'),(57,1,27,0,0,'2023-03-10 10:25:23'),(58,1,26,1,0,'2023-03-10 10:25:33'),(59,1,28,1,0,'2023-03-10 10:25:34'),(60,1,29,1,0,'2023-03-10 10:25:35'),(61,1,30,0,0,'2023-03-10 10:25:36'),(62,1,27,1,0,'2023-03-10 10:25:37'),(63,1,23,0,0,'2023-03-10 10:25:43'),(64,1,22,1,0,'2023-03-10 10:25:44'),(65,1,25,1,0,'2023-03-10 10:25:44'),(66,1,24,0,0,'2023-03-10 10:25:45'),(67,1,30,1,0,'2023-03-10 10:25:46'),(68,1,24,1,0,'2023-03-10 10:28:41'),(69,1,23,0,0,'2023-03-10 10:28:42'),(70,1,2,0,0,'2023-03-10 10:35:14'),(71,1,3,0,0,'2023-03-10 10:35:15'),(72,1,4,0,0,'2023-03-10 10:35:16'),(73,1,5,0,0,'2023-03-10 10:35:16'),(74,1,1,0,0,'2023-03-10 10:35:17'),(75,1,7,0,0,'2023-03-10 10:35:20'),(76,1,8,0,0,'2023-03-10 10:35:21'),(77,1,9,0,0,'2023-03-10 10:35:21'),(78,1,10,0,0,'2023-03-10 10:35:22'),(79,1,6,0,0,'2023-03-10 10:35:23'),(80,1,4,0,0,'2023-03-10 10:43:56'),(81,1,6,1,0,'2023-03-10 10:43:58'),(82,1,3,0,0,'2023-03-10 10:43:59'),(83,1,1,1,0,'2023-03-10 10:44:00'),(84,1,2,0,0,'2023-03-10 10:44:03'),(85,1,7,1,0,'2023-03-10 10:44:05'),(86,1,10,0,0,'2023-03-10 10:44:06'),(87,1,23,1,0,'2023-03-10 10:47:29'),(88,1,5,0,0,'2023-03-10 10:47:30'),(89,1,10,1,0,'2023-03-10 10:47:31'),(90,1,2,0,0,'2023-03-10 10:47:31'),(91,1,9,1,0,'2023-03-10 10:47:32'),(92,1,2,0,0,'2023-03-10 16:44:51'),(93,1,4,1,0,'2023-03-10 16:44:52'),(94,1,8,1,0,'2023-03-10 16:44:53'),(95,1,3,0,0,'2023-03-11 14:25:14'),(96,1,5,1,0,'2023-03-11 14:25:29'),(97,1,1,0,0,'2023-03-11 14:26:51'),(98,1,4,0,0,'2023-03-11 14:27:28'),(99,1,2,1,0,'2023-03-11 14:28:59'),(100,1,7,1,0,'2023-03-11 14:29:29'),(101,1,8,1,0,'2023-03-11 14:29:30'),(102,1,9,0,0,'2023-03-11 14:29:43'),(103,1,10,0,0,'2023-03-11 14:29:44'),(104,1,6,0,0,'2023-03-11 14:29:45'),(105,1,12,1,0,'2023-03-11 14:30:08'),(106,1,13,1,0,'2023-03-11 14:30:10'),(107,1,14,0,0,'2023-03-11 14:30:13'),(108,1,15,1,0,'2023-03-11 14:30:15'),(109,1,11,0,0,'2023-03-11 14:30:16'),(110,1,6,1,0,'2023-03-11 14:30:43'),(111,1,4,0,0,'2023-03-11 14:30:45'),(112,1,11,1,0,'2023-03-11 14:30:48'),(113,1,9,0,0,'2023-03-11 14:30:51'),(114,1,14,0,0,'2023-03-11 14:30:55'),(115,1,14,0,0,'2023-03-11 18:23:38'),(116,1,1,1,0,'2023-03-11 18:23:39'),(117,1,9,1,0,'2023-03-11 18:23:40'),(118,1,3,1,0,'2023-03-11 18:23:42'),(119,1,10,1,0,'2023-03-11 18:23:43'),(120,1,21,0,0,'2023-03-11 18:35:38'),(121,1,25,1,0,'2023-03-11 18:35:40'),(122,1,22,0,0,'2023-03-11 18:35:41'),(123,1,24,1,0,'2023-03-11 18:35:43'),(124,1,23,0,0,'2023-03-11 18:35:48'),(125,1,26,0,0,'2023-03-11 18:36:07'),(126,1,28,1,0,'2023-03-11 18:36:08'),(127,1,29,0,0,'2023-03-11 18:36:11'),(128,1,11,1,0,'2023-03-13 05:59:48'),(129,1,12,0,0,'2023-03-13 06:00:05'),(130,1,13,0,0,'2023-03-13 06:00:41'),(131,1,14,0,0,'2023-03-13 06:00:51'),(132,1,15,1,0,'2023-03-13 06:01:02'),(133,1,12,1,0,'2023-03-13 06:01:19'),(134,1,13,1,0,'2023-03-13 06:01:28'),(135,1,14,1,0,'2023-03-13 06:01:37'),(136,1,32,1,0,'2023-03-13 09:00:15'),(137,1,33,1,0,'2023-03-13 09:00:22'),(138,1,35,1,0,'2023-03-13 09:00:27'),(139,1,36,1,0,'2023-03-13 09:00:35'),(140,1,38,0,0,'2023-03-13 09:00:58'),(141,1,39,1,0,'2023-03-13 09:01:10'),(142,1,21,1,0,'2023-03-13 17:00:09'),(143,1,1,1,0,'2023-03-13 17:04:43'),(144,1,2,0,0,'2023-03-13 17:04:48'),(145,1,3,1,0,'2023-03-13 17:05:06'),(146,1,4,1,0,'2023-03-13 17:05:08'),(147,1,5,0,0,'2023-03-13 17:05:09'),(148,1,6,1,0,'2023-03-13 17:05:16'),(149,1,7,0,0,'2023-03-13 17:05:17'),(150,1,8,0,0,'2023-03-13 17:05:36'),(151,1,9,1,0,'2023-03-13 17:05:38'),(152,1,10,1,0,'2023-03-13 17:06:23'),(153,1,1,1,0,'2023-03-13 17:24:04'),(154,1,2,0,0,'2023-03-13 17:24:11'),(155,1,29,1,0,'2023-03-18 17:07:24'),(156,1,23,1,0,'2023-03-18 17:07:31'),(157,1,26,1,0,'2023-03-18 17:07:35'),(158,1,38,1,0,'2023-03-18 17:07:40'),(159,1,22,1,0,'2023-03-18 17:07:49'),(160,1,14,1,0,'2023-03-18 17:08:03'),(161,1,4,1,0,'2023-03-18 17:08:05'),(162,1,5,0,0,'2023-06-27 10:18:44'),(163,1,3,1,0,'2023-06-27 10:18:52'),(164,1,1,1,0,'2023-06-27 10:19:00'),(165,1,2,1,0,'2023-06-27 10:19:07'),(166,1,4,1,0,'2023-06-27 10:19:15'),(167,1,7,1,0,'2023-06-27 10:19:30'),(168,1,8,1,0,'2023-06-27 10:19:41'),(169,1,9,1,0,'2023-06-27 10:19:51'),(170,1,10,1,0,'2023-06-27 10:19:59'),(171,1,6,1,0,'2023-06-27 10:20:13'),(172,1,5,1,0,'2023-07-01 05:06:27'),(173,2,32,1,0,'2023-07-07 10:42:55'),(174,2,42,1,0,'2023-07-07 23:41:40'),(175,3,1,1,0,'2023-07-08 11:13:19'),(176,3,2,1,0,'2023-07-08 11:13:37'),(177,3,3,1,0,'2023-07-08 11:14:06'),(178,3,4,1,0,'2023-07-08 11:14:23'),(179,3,5,1,0,'2023-07-08 11:14:42'),(180,3,6,1,0,'2023-07-08 11:15:09'),(181,3,7,1,0,'2023-07-08 11:15:45'),(182,3,8,1,0,'2023-07-08 11:16:02'),(183,3,9,1,0,'2023-07-08 11:16:21'),(184,3,10,1,0,'2023-07-08 11:16:43'),(185,3,11,1,0,'2023-07-08 11:23:27'),(186,3,12,1,0,'2023-07-08 11:24:05'),(187,3,13,1,0,'2023-07-08 11:24:43'),(188,3,14,0,0,'2023-07-08 11:25:30'),(189,3,15,1,0,'2023-07-08 11:25:55'),(190,3,16,0,0,'2023-07-08 19:40:41'),(191,3,17,1,0,'2023-07-08 19:41:13'),(192,3,18,0,0,'2023-07-08 19:41:49'),(193,3,19,1,0,'2023-07-08 19:42:39'),(194,3,20,0,0,'2023-07-08 19:43:29'),(195,3,21,1,0,'2023-07-08 19:44:19'),(196,3,22,1,0,'2023-07-08 19:44:59'),(197,3,23,0,0,'2023-07-08 19:49:27'),(198,3,24,0,0,'2023-07-08 19:51:05'),(199,3,25,1,0,'2023-07-08 19:51:37'),(200,3,26,0,0,'2023-07-08 19:52:01'),(201,3,27,1,0,'2023-07-08 19:52:26'),(202,3,28,0,0,'2023-07-08 19:52:53'),(203,3,29,0,0,'2023-07-08 19:54:00'),(204,3,30,1,0,'2023-07-08 19:54:27'),(205,3,18,1,0,'2023-07-08 19:55:50'),(206,3,26,1,0,'2023-07-08 19:56:10'),(207,3,16,1,0,'2023-07-08 19:56:46'),(208,3,29,1,0,'2023-07-08 19:57:09'),(209,3,28,1,0,'2023-07-08 19:57:30'),(210,2,177,0,0,'2023-07-14 21:57:30'),(211,2,178,0,0,'2023-07-14 21:58:03'),(212,2,179,1,0,'2023-07-14 21:58:21'),(213,2,180,0,0,'2023-07-14 22:01:59'),(214,2,181,1,0,'2023-07-14 22:02:22'),(215,2,177,1,0,'2023-07-14 22:02:34'),(216,2,178,1,0,'2023-07-14 22:02:39'),(217,2,179,1,0,'2023-07-14 22:02:44'),(218,2,180,1,0,'2023-07-14 22:02:49'),(219,3,14,0,0,'2023-07-15 22:24:39'),(220,3,23,1,0,'2023-07-15 22:25:37'),(221,3,24,1,0,'2023-07-15 22:27:02'),(222,3,20,0,0,'2023-07-15 22:27:52'),(223,3,21,1,0,'2023-07-15 22:28:48'),(224,3,22,1,0,'2023-07-15 22:29:31'),(225,3,25,1,0,'2023-07-15 22:30:07'),(226,3,23,1,0,'2023-07-15 22:30:49'),(227,3,24,1,0,'2023-07-15 22:31:36'),(228,3,27,0,0,'2023-07-15 22:32:08'),(229,3,30,1,0,'2023-07-15 22:32:32'),(230,3,26,1,0,'2023-07-15 22:32:51'),(231,3,28,1,0,'2023-07-15 22:33:12'),(232,3,29,1,0,'2023-07-15 22:33:57'),(233,4,21,0,0,'2023-07-28 06:47:01'),(234,5,1,1,0,'2023-08-08 13:36:25'),(235,5,2,1,0,'2023-08-08 13:36:44'),(236,5,3,1,0,'2023-08-08 13:37:18'),(237,6,26,1,0,'2024-04-26 02:33:53'),(238,6,27,1,0,'2024-04-26 02:34:14'),(239,6,28,1,0,'2024-04-26 02:34:36'),(240,6,29,0,0,'2024-04-26 02:34:55'),(241,6,30,0,0,'2024-04-26 02:35:15'),(242,3,27,0,0,'2024-09-17 05:11:17'),(243,3,20,0,0,'2024-09-17 05:11:52'),(244,3,1,1,0,'2024-09-17 05:12:22'),(245,3,2,1,0,'2024-09-17 05:12:28'),(246,3,3,1,0,'2024-09-17 05:12:38'),(247,3,4,1,0,'2024-09-17 05:12:42'),(248,3,5,0,0,'2024-09-17 05:12:50'),(249,9,1,1,0,'2025-03-12 05:57:40'),(250,3,20,0,0,'2025-03-28 13:03:59'),(251,3,14,0,0,'2025-03-28 13:04:28'),(252,3,1,0,0,'2025-03-28 13:05:23'),(253,10,1,1,0,'2025-10-09 17:33:05'),(254,10,2,0,0,'2025-10-09 17:33:41'),(255,10,3,1,0,'2025-10-09 17:34:45'),(256,10,4,0,0,'2025-10-09 17:35:16'),(257,10,5,1,0,'2025-10-09 17:36:05');
/*!40000 ALTER TABLE `score` ENABLE KEYS */;
UNLOCK TABLES;

--
-- Table structure for table `style`
--

DROP TABLE IF EXISTS `style`;
/*!40101 SET @saved_cs_client     = @@character_set_client */;
/*!50503 SET character_set_client = utf8mb4 */;
CREATE TABLE `style` (
  `id` int NOT NULL AUTO_INCREMENT,
  `style` varchar(10) DEFAULT NULL,
  PRIMARY KEY (`id`)
) ENGINE=InnoDB AUTO_INCREMENT=6 DEFAULT CHARSET=utf8mb4 COLLATE=utf8mb4_0900_ai_ci;
/*!40101 SET character_set_client = @saved_cs_client */;

--
-- Dumping data for table `style`
--

LOCK TABLES `style` WRITE;
/*!40000 ALTER TABLE `style` DISABLE KEYS */;
INSERT INTO `style` VALUES (1,'ハムニダ体'),(2,'ヘヨ体'),(3,'ヘ体'),(4,'ハンダ体'),(5,'ハオ体');
/*!40000 ALTER TABLE `style` ENABLE KEYS */;
UNLOCK TABLES;

--
-- Table structure for table `user`
--

DROP TABLE IF EXISTS `user`;
/*!40101 SET @saved_cs_client     = @@character_set_client */;
/*!50503 SET character_set_client = utf8mb4 */;
CREATE TABLE `user` (
  `id` int NOT NULL AUTO_INCREMENT,
  `name` varchar(100) DEFAULT NULL,
  `email` varchar(100) DEFAULT NULL,
  `password` varchar(100) DEFAULT NULL,
  `target_grade` int NOT NULL,
  `edit` tinyint(1) NOT NULL,
  `check` tinyint(1) NOT NULL,
  `approve` tinyint(1) NOT NULL,
  `admin` tinyint(1) NOT NULL,
  `registered_at` datetime NOT NULL,
  PRIMARY KEY (`id`),
  UNIQUE KEY `email` (`email`),
  KEY `target_grade` (`target_grade`),
  CONSTRAINT `user_ibfk_1` FOREIGN KEY (`target_grade`) REFERENCES `grade` (`id`)
) ENGINE=InnoDB AUTO_INCREMENT=11 DEFAULT CHARSET=utf8mb4 COLLATE=utf8mb4_0900_ai_ci;
/*!40101 SET character_set_client = @saved_cs_client */;

--
-- Dumping data for table `user`
--

LOCK TABLES `user` WRITE;
/*!40000 ALTER TABLE `user` DISABLE KEYS */;
INSERT INTO `user` VALUES (1,'test','test@test.com','sha256$B8NApLTgsVxH1lox$34ef1b0908862a566936178d05d6d01441b330bf0d2f91af58a0eec56eb173e8',1,0,0,0,0,'2023-03-10 09:50:35'),(2,'admin','admin@admin.com','sha256$9SIskmREKHOnmYEV$c803ac20fa185ad65b25054f085d6560f31c0c5eb8cdbce4bd80a2fe1461d02f',1,1,1,1,1,'2023-03-10 09:50:35'),(3,'yuri','monochro4s@gmail.com','sha256$6QbwQctPIx5Rmmlq$af9769154ddaea84b53a96e31db8dc220e10c969313197d6f18c73887b6a7ff1',1,0,0,0,0,'2023-03-10 09:50:35'),(4,'test','test1@test.com','sha256$55Abl3qy3RPgaf7Q$97201aa5a770872d912e28cf0b78345752cceae826b3b7b972d9fca0b9d08277',1,0,0,0,0,'2023-07-28 06:36:40'),(5,'ひろっぴーだ','pusan339@gmail.com','sha256$iTNriBTlvmkFbthD$13a494e6b138693f6a80da6496d74cff1bc8505452248b7b01f40124ebf5c305',1,0,0,0,0,'2023-08-08 13:34:23'),(6,'pu','kitagawakana1022@gmail.com','sha256$QqCxNXkVmp6b8xHy$582bbc87a05c265a419e108e9199e87c0e19f50174ddacabf386944c766eb301',1,0,0,0,0,'2024-04-26 02:33:00'),(7,'テテのいとこ','incognito.kimiko@gmail.com','sha256$ZOGV1Rbm62GmmVTk$664713d7769d9002c8339454cb13c6f727c21cc25f5afea60ea6f1fd5fd68f3f',1,0,0,0,0,'2024-09-15 21:38:38'),(8,'izudon','izudon@gmail.com','sha256$VBufAN8LElz7McV2$27df8aa54e0c8d970fe8aae69eb103b45869d9ad16691487290f92047b579de9',1,0,0,0,0,'2024-12-05 12:41:07'),(9,'acu','eishu199@gmail.com','sha256$T7yuUF4OsIJ3F2Vt$2473fcd73e870506dac13ebbf23a0faf2a012113672cdb3612dc0618b7c35fa8',1,0,0,0,0,'2025-03-12 05:56:47'),(10,'るめ','guop9704@gmail.com','sha256$0v5sKmDPobtv9KoW$43a56286932c3381bc96a87ca1be4219c5798ed4fe637eb78a5e91108b30e1f3',1,0,0,0,0,'2025-10-09 17:30:23');
/*!40000 ALTER TABLE `user` ENABLE KEYS */;
UNLOCK TABLES;

--
-- Table structure for table `word`
--

DROP TABLE IF EXISTS `word`;
/*!40101 SET @saved_cs_client     = @@character_set_client */;
/*!50503 SET character_set_client = utf8mb4 */;
CREATE TABLE `word` (
  `id` int NOT NULL AUTO_INCREMENT,
  `japanese` varchar(100) DEFAULT NULL,
  `foreign_l` varchar(100) DEFAULT NULL,
  PRIMARY KEY (`id`)
) ENGINE=InnoDB AUTO_INCREMENT=232 DEFAULT CHARSET=utf8mb4 COLLATE=utf8mb4_0900_ai_ci;
/*!40101 SET character_set_client = @saved_cs_client */;

--
-- Dumping data for table `word`
--

LOCK TABLES `word` WRITE;
/*!40000 ALTER TABLE `word` DISABLE KEYS */;
INSERT INTO `word` VALUES (2,'医者','의사'),(3,'学生','학생'),(4,'母','어머니'),(5,'公務員','공무원'),(6,'カバン','가방'),(7,'これ','이것'),(8,'キムチ','김치'),(9,'今日','오늘'),(10,'休日','휴일'),(11,'ここ','여기'),(12,'銀行','은행'),(13,'風邪','감기'),(14,'ノート','노트'),(15,'弟','남동생'),(16,'宿題','숙제'),(17,'火曜日','화요일'),(18,'父','아버지'),(19,'試験','시험'),(20,'姉（妹から）','언니'),(21,'妹','여동생'),(22,'日曜日','일요일'),(23,'授業','수업'),(24,'家','집'),(25,'月','월'),(26,'日','일'),(27,'誕生日','생일'),(28,'コンピューター','컴퓨터'),(29,'は','는'),(30,'である','이다'),(31,'私','저'),(32,'〜歳','살'),(33,'猫','고양이'),(34,'匹','마리'),(35,'りんご','사과'),(36,'個','개'),(37,'部屋','방'),(38,'本','책'),(39,'冊','권'),(40,'教室','교실'),(41,'学生','학생'),(42,'人','명'),(43,'ウォン','원'),(44,'姉（弟から）','누나'),(45,'号室','호실'),(46,'年生','학년'),(47,'いつ','언제'),(48,'どこ','어디'),(49,'病院','병원'),(50,'いくら','얼마'),(51,'学校','학교'),(52,'行く','가다'),(53,'ごはん','밥'),(54,'食べる','먹다'),(55,'手紙','편지'),(56,'読む','읽다'),(57,'忙しい','바쁘다'),(58,'おいしい','맛있다'),(59,'兄（妹から）','오빠'),(60,'知る','알다'),(61,'電話','전화'),(62,'かける','걸다'),(63,'駅','역'),(64,'遠い','멀다'),(65,'韓国','한국'),(66,'料理','요리'),(67,'作る','만들다'),(68,'ソウル','서울'),(69,'住む','살다'),(70,'中国','중국'),(71,'好き','좋아하다'),(72,'空港','공항'),(73,'会う','만나다'),(74,'地下鉄','지하철'),(75,'乗る','타다'),(76,'旅行','여행'),(77,'友達','친구'),(78,'遊ぶ','놀다'),(79,'酒','술'),(80,'あまり','별로'),(81,'飲む','마시다'),(82,'スカート','치마'),(83,'全く','전혀'),(84,'着る','입다'),(85,'サッカー','축구'),(86,'頭','머리'),(87,'長い','길다'),(88,'明日','내일'),(89,'来る','오다'),(90,'木曜日','목요일'),(91,'会社','회사'),(92,'眼鏡','안경'),(93,'買う','사다'),(94,'今年','올해'),(95,'近い','가깝다'),(96,'後で','나중에'),(97,'連絡する','연락하다'),(98,'重要だ','중요하다'),(99,'掃除する','청소하다'),(100,'店','가게'),(101,'有名だ','유명하다'),(102,'経済学','경제학'),(103,'専攻する','전공하다'),(104,'練習する','연습하다'),(105,'健康だ','건강하다'),(106,'先生','선생님'),(107,'親切だ','친절하다'),(108,'全然','전혀'),(109,'運動する','운동하다'),(110,'努力する','노력하다'),(111,'今','지금'),(112,'時','시'),(113,'分','분'),(114,'もう','벌써'),(115,'前','전'),(116,'何時','몇 시'),(117,'何日','며칠'),(118,'バス','버스'),(119,'冬','겨울'),(120,'休み','방학'),(121,'始まる','시작되다'),(122,'働く','일하다'),(123,'タクシー','택시'),(124,'兄（弟から）','형'),(125,'アメリカ','미국'),(126,'何','무엇'),(127,'する','하다'),(128,'なぜ','왜'),(129,'仕事','일'),(130,'誰','누구'),(131,'誰が','누가'),(132,'どんな','어떤'),(133,'歌','노래'),(134,'どの','어느'),(135,'映画','영화'),(136,'見る','보다'),(137,'空港','공항'),(138,'どのように','어떻게'),(139,'来年','내년'),(140,'髪','머리'),(141,'用事','일'),(142,'お金','돈'),(143,'おろす','찾다'),(144,'コーヒー','커피'),(145,'日本','일본'),(146,'書く','쓰다'),(147,'休む','쉬다'),(148,'タバコ','담배'),(149,'吸う','피우다'),(150,'何歳','몇 살'),(151,'私の','우리'),(152,'妻','아내'),(153,'会社員','회사원'),(154,'靴','구두'),(155,'息子','아들'),(156,'大学生','대학생'),(157,'それ','그것'),(158,'ジュース','주스'),(159,'韓国語','한국어'),(160,'辞書','사전'),(161,'高い','비싸다'),(162,'通う','다니다'),(163,'かかる','걸리다'),(164,'東京','도쿄'),(165,'郵便局','우체국'),(166,'上手だ','잘하다'),(167,'娘','딸'),(168,'朝','아침'),(169,'食事','식사'),(170,'辛い','맵다'),(171,'清潔だ','깨끗하다'),(172,'外出する','외출하다'),(173,'卒業する','졸업하다'),(174,'小説','소설'),(175,'本当に','정말'),(176,'良い','좋다'),(177,'前','앞'),(178,'待つ','기다리다'),(179,'難しい','어렵다'),(180,'昨年','작년'),(181,'昨日','어제'),(182,'お腹','배'),(183,'痛い','아프다'),(184,'結婚する','결혼하다'),(185,'時間','시간'),(186,'たくさん','많이'),(187,'方','분'),(188,'先に','먼저'),(189,'あそこ','저기'),(190,'座る','앉다'),(191,'塩','소금'),(192,'与える','주다'),(193,'花','꽃'),(194,'名前','이름'),(195,'もっと','더'),(196,'安い','싸다'),(197,'年齢','나이'),(198,'多い','많다'),(199,'寒い','춥다'),(200,'中国語','중국어'),(201,'学ぶ','배우다'),(202,'ビビンバ','비빔밥'),(203,'夕方','저녁'),(204,'お茶','차'),(205,'注文する','시키다'),(206,'一緒に','같이'),(207,'昼','점심'),(208,'勉強する','공부하다'),(209,'寝る','자다'),(210,'持つ','가지다'),(211,'牛乳','우유'),(212,'したい','싶다'),(213,'写真','사진'),(214,'撮る','찍다'),(215,'映画館','영화관'),(216,'歌う','부르다'),(217,'プレゼント','선물'),(218,'服','옷'),(219,'焼肉','불고기'),(220,'〜と言う','라고 하다'),(221,'スズキ','스즈키'),(222,'天気','날씨'),(223,'同じだ・みたい','과/와 같다'),(224,'夫','남편'),(225,'ラーメン','라면'),(226,'人','사람'),(227,'パン','빵'),(228,'だけ','만'),(229,'果物','과일'),(230,'誰も','아무도'),(231,'約束','약속');
/*!40000 ALTER TABLE `word` ENABLE KEYS */;
UNLOCK TABLES;
/*!40103 SET TIME_ZONE=@OLD_TIME_ZONE */;

/*!40101 SET SQL_MODE=@OLD_SQL_MODE */;
/*!40014 SET FOREIGN_KEY_CHECKS=@OLD_FOREIGN_KEY_CHECKS */;
/*!40014 SET UNIQUE_CHECKS=@OLD_UNIQUE_CHECKS */;
/*!40101 SET CHARACTER_SET_CLIENT=@OLD_CHARACTER_SET_CLIENT */;
/*!40101 SET CHARACTER_SET_RESULTS=@OLD_CHARACTER_SET_RESULTS */;
/*!40101 SET COLLATION_CONNECTION=@OLD_COLLATION_CONNECTION */;
/*!40111 SET SQL_NOTES=@OLD_SQL_NOTES */;

-- Dump completed on 2025-11-05  9:08:29
